,Open,High,Low,Close,Volume
2008-01-14,22,22,22,22,98984
2008-01-15,22,22,22,22,21680
2008-01-16,22,22,22,22,21760
2008-01-17,22.5,22.5,22.5,22.5,158696
2008-01-18,23.61,23.61,23.61,23.61,0
2008-01-21,22.43,22.43,22.43,22.43,467228
2008-01-22,22.43,22.43,22.43,22.43,9088
2008-01-23,22.43,22.43,22.43,22.43,45628
2008-01-24,22,22,22,22,50028
2008-01-25,20.9,20.9,20.9,20.9,25888
2008-01-28,21,21,21,21,137064
2008-01-29,21.25,21.25,21.25,21.25,101460
2008-01-30,22.25,22.25,22.25,22.25,10248
2008-01-31,21.5,21.5,21.5,21.5,70128
2008-02-01,21.5,21.5,21.5,21.5,41400
2008-02-04,22.57,22.57,22.57,22.57,484224
2008-02-05,23.7,23.7,23.7,23.7,159104
2008-02-06,0,0,0,23.5,10820
2008-02-07,23.5,23.5,23.5,23.5,62880
2008-02-08,23.5,23.5,23.5,23.5,19620
2008-02-11,22.5,22.5,22.5,22.5,45524
2008-02-12,21.52,21.52,21.52,21.52,78344
2008-02-13,22.6,22.6,22.6,22.6,49728
2008-02-14,23.73,23.73,23.73,23.73,341832
2008-02-15,0,0,0,24.91,543948
2008-02-18,26.16,26.16,26.16,26.16,231060
2008-02-19,25,25,25,25,1887684
2008-02-20,25,25,25,25,1302920
2008-02-21,26.25,26.25,26.25,26.25,497316
2008-02-22,27.56,27.56,27.56,27.56,104536
2008-02-25,0,0,0,28.94,22332
2008-02-26,30.39,30.39,30.39,30.39,1438400
2008-02-27,31.9,31.9,31.9,31.9,221328
2008-02-28,32.5,32.5,32.5,32.5,286632
2008-02-29,0,0,0,34.12,260496
2008-03-03,35.25,35.25,35.25,35.25,167192
2008-03-04,33.5,33.5,33.5,33.5,571500
2008-03-05,33.75,33.75,33.75,33.75,175000
2008-03-06,32.06,32.06,32.06,32.06,94328
2008-03-07,33.25,33.25,33.25,33.25,1189880
2008-03-10,31.59,31.59,31.59,31.59,622204
2008-03-11,30.01,30.01,30.01,30.01,164800
2008-03-12,31.51,31.51,31.51,31.51,230448
2008-03-13,33.09,33.09,33.09,33.09,794728
2008-03-14,33.09,33.09,33.09,33.09,10372
2008-03-17,34.74,34.74,34.74,34.74,0
2008-03-18,35,35,35,35,16864
2008-03-20,34.75,34.75,34.75,34.75,77400
2008-03-25,34.75,34.75,34.75,34.75,277112
2008-03-26,34.25,34.25,34.25,34.25,0
2008-03-27,34,34,34,34,28000
2008-03-28,32.3,32.3,32.3,32.3,0
2008-03-31,32.3,32.3,32.3,32.3,15732
2008-04-01,30.68,30.68,30.68,30.68,51400
2008-04-02,29.75,29.75,29.75,29.75,426628
2008-04-03,28.26,28.26,28.26,28.26,8388
2008-04-04,28.25,28.25,28.25,28.25,8388
2008-04-07,29.66,29.66,29.66,29.66,0
2008-04-08,30,30,30,30,88776
2008-04-09,31.5,31.5,31.5,31.5,0
2008-04-10,30,30,30,30,0
2008-04-11,30,30,30,30,220000
2008-04-14,30,30,30,30,63912
2008-04-15,0,0,0,28.5,2942400
2008-04-16,27.12,27.12,27.12,27.12,196000
2008-04-17,27,27,27,27,105704
2008-04-18,25.65,25.65,25.65,25.65,77152
2008-04-21,0,0,0,25.52,448332
2008-04-22,25.52,25.52,25.52,25.52,451940
2008-04-23,24.75,24.75,24.75,24.75,57768
2008-04-24,24.25,24.25,24.25,24.25,29456
2008-04-25,24.25,24.25,24.25,24.25,213448
2008-04-28,24.25,24.25,24.25,24.25,86000
2008-04-29,24.25,24.25,24.25,24.25,1185048
2008-04-30,24.25,24.25,24.25,24.25,237480
2008-05-02,24.25,24.25,24.25,24.25,124000
2008-05-05,24.25,24.25,24.25,24.25,76956
2008-05-06,24.75,24.75,24.75,24.75,1620960
2008-05-07,24.75,24.75,24.75,24.75,132192
2008-05-08,0,0,0,24.75,0
2008-05-09,24.75,24.75,24.75,24.75,10664
2008-05-12,24.75,24.75,24.75,24.75,4000
2008-05-13,0,0,0,24.75,45400
2008-05-14,25.99,25.99,25.99,25.99,425400
2008-05-15,25.99,25.99,25.99,25.99,72612
2008-05-16,27.29,27.29,27.29,27.29,694128
2008-05-19,27.29,27.29,27.29,27.29,31820
2008-05-20,27.29,27.29,27.29,27.29,104532
2008-05-21,27.29,27.29,27.29,27.29,9732
2008-05-22,27.29,27.29,27.29,27.29,84832
2008-05-23,27.29,27.29,27.29,27.29,48308
2008-05-26,27.29,27.29,27.29,27.29,142968
2008-05-27,27.29,27.29,27.29,27.29,10068
2008-05-28,27.29,27.29,27.29,27.29,43032
2008-05-30,27.29,27.29,27.29,27.29,281828
2008-06-02,27.29,27.29,27.29,27.29,52992
2008-06-03,27.29,27.29,27.29,27.29,283200
2008-06-04,28.65,28.65,28.65,28.65,0
2008-06-05,28.65,28.65,28.65,28.65,13448
2008-06-06,28.65,28.65,28.65,28.65,6748
2008-06-09,28.65,28.65,28.65,28.65,72552
2008-06-10,28.65,28.65,28.65,28.65,119776
2008-06-11,28.65,28.65,28.65,28.65,5332
2008-06-12,30.08,30.08,30.08,30.08,16000
2008-06-13,0,0,0,28.65,4000
2008-06-16,28.65,28.65,28.65,28.65,6240
2008-06-17,28.65,28.65,28.65,28.65,3264
2008-06-18,28.65,28.65,28.65,28.65,28008
2008-06-19,28.65,28.65,28.65,28.65,37776
2008-06-20,28.65,28.65,28.65,28.65,5064
2008-06-23,28.65,28.65,28.65,28.65,18392
2008-06-24,28.65,28.65,28.65,28.65,16796
2008-06-25,28.65,28.65,28.65,28.65,45600
2008-06-26,28.65,28.65,28.65,28.65,16264
2008-06-27,0,0,0,28.65,2304
2008-06-30,28.65,28.65,28.65,28.65,40760
2008-07-01,28.65,28.65,28.65,28.65,4200
2008-07-02,28.65,28.65,28.65,28.65,4400
2008-07-03,28.65,28.65,28.65,28.65,80000
2008-07-04,28.65,28.65,28.65,28.65,12000
2008-07-07,28.65,28.65,28.65,28.65,141532
2008-07-08,28.65,28.65,28.65,28.65,71528
2008-07-09,28.65,28.65,28.65,28.65,1600
2008-07-10,28.65,28.65,28.65,28.65,104000
2008-07-11,28.65,28.65,28.65,28.65,20352
2008-07-14,28.65,28.65,28.65,28.65,13000
2008-07-15,28.65,28.65,28.65,28.65,8000
2008-07-16,28.65,28.65,28.65,28.65,6816
2008-07-17,28.65,28.65,28.65,28.65,45376
2008-07-18,28.65,28.65,28.65,28.65,18812
2008-07-21,28.65,28.65,28.65,28.65,11996
2008-07-22,28.65,28.65,28.65,28.65,2964
2008-07-23,28.65,28.65,28.65,28.65,9964
2008-07-24,30.08,30.08,30.08,30.08,447980
2008-07-25,30.08,30.08,30.08,30.08,45120
2008-07-28,31.59,31.59,31.59,31.59,6000
2008-07-29,31.59,31.59,31.59,31.59,433384
2008-07-30,33.16,33.16,33.16,33.16,401600
2008-07-31,34.82,34.82,34.82,34.82,663664
2008-08-01,36.56,36.56,36.56,36.56,586248
2008-08-04,38.39,38.39,38.39,38.39,422400
2008-08-05,40.3,40.3,40.3,40.3,1321108
2008-08-06,42.32,42.32,42.32,42.32,1757232
2008-08-11,0,0,0,45.27,100836
2008-08-12,47.53,47.53,47.53,47.53,489587
2008-08-13,49.9,49.9,49.9,49.9,1342093
2008-08-14,52.39,52.39,52.39,52.39,140246
2008-08-15,52.39,52.39,52.39,52.39,90341
2008-08-18,55,55,55,55,181725
2008-08-19,55,55,55,55,25354
2008-08-20,57.75,57.75,57.75,57.75,110580
2008-08-21,57.75,57.75,57.75,57.75,39716
2008-08-22,60.63,60.63,60.63,60.63,958050
2008-08-25,61.5,61.5,61.5,61.5,147703
2008-08-26,59.55,59.55,59.55,59.55,225267
2008-08-27,60,60,60,60,493365
2008-08-28,63,63,63,63,147020
2008-08-29,66.15,66.15,66.15,66.15,258086
2008-09-01,69.44,69.44,69.44,69.44,185841
2008-09-02,72.91,72.91,72.91,72.91,149585
2008-09-03,72.91,72.91,72.91,72.91,28799
2008-09-04,75,75,75,75,577710
2008-09-05,74.25,74.25,74.25,74.25,122546
2008-09-08,74.25,74.25,74.25,74.25,44641
2008-09-09,74.25,74.25,74.25,74.25,43408
2008-09-10,73.51,73.51,73.51,73.51,169077
2008-09-11,73.51,73.51,73.51,73.51,15700
2008-09-12,73.51,73.51,73.51,73.51,31722
2008-09-15,73.51,73.51,73.51,73.51,65699
2008-09-16,72.78,72.78,72.78,72.78,22231
2008-09-17,73.51,73.51,73.51,73.51,14854
2008-09-18,73.51,73.51,73.51,73.51,18151
2008-09-19,73.51,73.51,73.51,73.51,30641
2008-09-22,72.78,72.78,72.78,72.78,222150
2008-09-23,72.78,72.78,72.78,72.78,80007
2008-09-24,72.78,72.78,72.78,72.78,60470
2008-09-25,72.78,72.78,72.78,72.78,11790
2008-09-26,72.78,72.78,72.78,72.78,9969
2008-10-02,72.78,72.78,72.78,72.78,28121
2008-10-03,72.78,72.78,72.78,72.78,23922
2008-10-06,72.78,72.78,72.78,72.78,6835
2008-10-07,72.06,72.06,72.06,72.06,139490
2008-10-08,72.06,72.06,72.06,72.06,3000
2008-10-09,72.06,72.06,72.06,72.06,31230
2008-10-10,72.06,72.06,72.06,72.06,2225
2008-10-13,71.34,71.34,71.34,71.34,127500
2008-10-14,71.34,71.34,71.34,71.34,9950
2008-10-15,71.34,71.34,71.34,71.34,3650
2008-10-16,71.34,71.34,71.34,71.34,49820
2008-10-17,0,0,0,71.34,57520
2008-10-20,71.34,71.34,71.34,71.34,8588
2008-10-21,71.34,71.34,71.34,71.34,1350
2008-10-22,71.34,71.34,71.34,71.34,82540
2008-10-23,71.34,71.34,71.34,71.34,6730
2008-10-24,71.34,71.34,71.34,71.34,2382
2008-10-27,71.34,71.34,71.34,71.34,2000
2008-10-28,71.34,71.34,71.34,71.34,285
2008-10-29,71.34,71.34,71.34,71.34,3100
2008-10-31,71.34,71.34,71.34,71.34,1979053
2008-11-04,71.34,71.34,71.34,71.34,1520
2008-11-05,71.34,71.34,71.34,71.34,8668
2008-11-07,67.78,67.78,67.78,67.78,145060
2008-11-10,67.78,67.78,67.78,67.78,2850
2008-11-11,64.4,64.4,64.4,64.4,50600
2008-11-12,61.6,61.6,61.6,61.6,163996
2008-11-13,61.6,61.6,61.6,61.6,113035
2008-11-14,61.6,61.6,61.6,61.6,29587
2008-11-17,61.6,61.6,61.6,61.6,15700
2008-11-18,61.6,61.6,61.6,61.6,8100
2008-11-19,61.6,61.6,61.6,61.6,35281
2008-11-20,61.6,61.6,61.6,61.6,2500
2008-11-21,61.6,61.6,61.6,61.6,5821
2008-11-24,61.6,61.6,61.6,61.6,2432
2008-11-25,61.6,61.6,61.6,61.6,7000
2008-11-26,61.6,61.6,61.6,61.6,16831
2008-11-27,61.6,61.6,61.6,61.6,8039
2008-11-28,61.6,61.6,61.6,61.6,1933
2008-12-01,61.6,61.6,61.6,61.6,2175
2008-12-02,61.6,61.6,61.6,61.6,180
2008-12-03,61.6,61.6,61.6,61.6,8513
2008-12-04,61.6,61.6,61.6,61.6,100
2008-12-10,61.6,61.6,61.6,61.6,1200
2008-12-11,58.52,58.52,58.52,58.52,6003
2008-12-12,61.6,61.6,61.6,61.6,7365
2008-12-15,61.6,61.6,61.6,61.6,2550
2008-12-16,61.6,61.6,61.6,61.6,4645
2008-12-17,61.6,61.6,61.6,61.6,10663
2008-12-18,58.52,58.52,58.52,58.52,148083
2008-12-19,55.6,55.6,55.6,55.6,3100
2008-12-22,58.52,58.52,58.52,58.52,36133
2008-12-23,58.52,58.52,58.52,58.52,5650
2008-12-24,58.52,58.52,58.52,58.52,42355
2008-12-29,58.52,58.52,58.52,58.52,3993
2008-12-30,55.6,55.6,55.6,55.6,63300
2008-12-31,55.6,55.6,55.6,55.6,40160
2009-01-02,55.6,55.6,55.6,55.6,3450
2009-01-05,55.6,55.6,55.6,55.6,3495
2009-01-06,55.6,55.6,55.6,55.6,24270
2009-01-07,55.6,55.6,55.6,55.6,7187
2009-01-08,55.6,55.6,55.6,55.6,3850
2009-01-09,55.6,55.6,55.6,55.6,10000
2009-01-13,52.82,52.82,52.82,52.82,2230
2009-01-14,55.6,55.6,55.6,55.6,3670
2009-01-15,55.6,55.6,55.6,55.6,2550
2009-01-16,55.6,55.6,55.6,55.6,1500
2009-01-19,55.6,55.6,55.6,55.6,2670
2009-01-20,52.82,52.82,52.82,52.82,4070
2009-01-21,52.82,52.82,52.82,50.18,556
2009-01-22,50.18,50.18,50.18,50.18,1221
2009-01-23,50.18,50.18,50.18,50.18,1221
2009-01-26,47.68,47.68,47.68,47.68,118362
2009-01-27,47.68,47.68,47.68,47.68,7350
2009-01-28,45.3,45.3,45.3,45.3,61407
2009-01-29,43.04,43.04,43.04,43.04,100199
2009-01-30,43.04,43.04,43.04,43.04,4013
2009-02-02,43.04,43.04,43.04,43.04,19700
2009-02-03,43.04,43.04,43.04,43.04,25360
2009-02-04,43.04,43.04,43.04,43.04,1417
2009-02-05,40.89,40.89,40.89,40.89,116692
2009-02-06,38.85,38.85,38.85,38.85,440700
2009-02-09,36.91,36.91,36.91,36.91,123000
2009-02-10,36.91,36.91,36.91,36.91,16500
2009-02-11,35.07,35.07,35.07,35.07,106522
2009-02-12,35.07,35.07,35.07,35.07,2350
2009-02-13,33.32,33.32,33.32,33.32,104600
2009-02-16,33.32,33.32,33.32,33.32,28622
2009-02-17,31.66,31.66,31.66,31.66,107270
2009-02-18,31.66,31.66,31.66,31.66,4246
2009-02-19,31.66,31.66,31.66,31.66,9666
2009-02-20,30.09,30.09,30.09,30.09,1695067
2009-02-23,28.62,28.62,28.62,28.62,125568
2009-02-24,30,30,30,30,192983
2009-02-25,31.5,31.5,31.5,31.5,293317
2009-02-26,32,32,32,32,229144
2009-02-27,30.4,30.4,30.4,30.4,88399
2009-03-02,31.2,31.2,31.2,31.2,121832
2009-03-03,31.2,31.2,31.2,31.2,24430
2009-03-04,31.2,31.2,31.2,31.2,32205
2009-03-05,31.2,31.2,31.2,31.2,20755
2009-03-06,29.64,29.64,29.64,29.64,132058
2009-03-10,29.64,29.64,29.64,29.64,39075
2009-03-11,29.64,29.64,29.64,29.64,3050
2009-03-12,28.16,28.16,28.16,28.16,110517
2009-03-13,28.16,28.16,28.16,28.16,1581
2009-03-16,26.76,26.76,26.76,26.76,82590
2009-03-17,26.76,26.76,26.76,26.76,47140
2009-03-18,25.43,25.43,25.43,25.43,68149
2009-03-20,25.43,25.43,25.43,25.43,13120
2009-03-23,25.43,25.43,25.43,25.43,3660
2009-03-24,25.43,25.43,25.43,25.43,1800
2009-03-25,25.43,25.43,25.43,25.43,10100
2009-03-26,25.43,25.43,25.43,25.43,48164
2009-03-27,25.43,25.43,25.43,25.43,7846
2009-03-30,25.43,25.43,25.43,25.43,7500
2009-03-31,25.43,25.43,25.43,25.43,42849
2009-04-01,25.43,25.43,25.43,25.43,40118
2009-04-02,24.16,24.16,24.16,24.16,141000
2009-04-03,24,24,24,24,371750
2009-04-06,24,24,24,24,371750
2009-04-07,22.8,22.8,22.8,22.8,251052
2009-04-08,22.8,22.8,22.8,22.8,20764
2009-04-09,0,22,21.66,22,97644
2009-04-14,0,22.45,20.9,22,129850
2009-04-15,0,23.1,20.9,23.1,31716811
2009-04-16,0,22.9,21.95,21.95,140132
2009-04-17,0,22.5,21.95,21.95,8390
2009-04-20,0,23.04,21.95,22.01,165232
2009-04-21,0,23.11,21.67,21.67,53057
2009-04-22,22.75,22.75,22.75,22.75,71934
2009-04-23,23.55,23.55,23.55,23.55,94388
2009-04-24,23.99,23.99,23.99,23.99,157199
2009-04-27,24.98,24.98,24.98,24.98,371715
2009-04-28,24.49,24.49,24.49,24.49,174917
2009-04-29,25,25,25,25,644322
2009-04-30,24.5,24.5,24.5,24.5,81643
2009-05-04,24,24,24,24,105505
2009-05-05,24,24,24,24,46468
2009-05-06,23.99,23.99,23.99,23.99,159093
2009-05-07,25.05,25.05,25.05,25.05,204013
2009-05-08,26.3,26.3,26.3,26.3,258266
2009-05-11,27.61,27.61,27.61,27.61,126810
2009-05-12,28.99,28.99,28.99,28.99,429140
2009-05-13,30.29,30.29,30.29,30.29,197718
2009-05-14,28.8,28.8,28.8,28.8,61366
2009-05-15,27.36,27.36,27.36,27.36,187345
2009-05-18,27,27,27,27,448642
2009-05-19,28.35,28.35,28.35,28.35,134046
2009-05-20,28.35,28.35,28.35,28.35,14277
2009-05-21,29.76,29.76,29.76,29.76,988081
2009-05-22,29.76,29.76,29.76,29.76,366
2009-05-25,31.2,31.2,31.2,31.2,187839
2009-05-26,32.76,32.76,32.76,32.76,97500
2009-05-27,34.39,34.39,34.39,34.39,672900
2009-05-28,36.1,36.1,36.1,36.1,57269
2009-06-01,37.9,37.9,37.9,37.9,0
2009-06-02,39.79,39.79,39.79,39.79,218393
2009-06-03,41.77,41.77,41.77,41.77,620913
2009-06-04,43.85,43.85,43.85,43.85,253420
2009-06-05,41.66,41.66,41.66,41.66,273657
2009-06-08,39.58,39.58,39.58,39.58,673563
2009-06-09,37.61,37.61,37.61,37.61,535918
2009-06-10,37.51,37.51,37.51,37.51,140130
2009-06-11,37.51,37.51,37.51,37.51,173200
2009-06-12,37.51,37.51,37.51,37.51,28041
2009-06-15,36.59,36.59,36.59,36.59,119863
2009-06-16,37,37,37,37,183329
2009-06-17,35.5,35.5,35.5,35.5,55639
2009-06-18,34,34,34,34,181572
2009-06-19,34,34,34,34,38410
2009-06-22,32.5,32.5,32.5,32.5,73465
2009-06-23,30.88,30.88,30.88,30.88,123656
2009-06-24,29.34,29.34,29.34,29.34,66939
2009-06-25,29.34,29.34,29.34,29.34,22131
2009-06-26,29.34,29.34,29.34,29.34,12580
2009-06-29,28.03,28.03,28.03,28.03,73437
2009-06-30,29.43,29.43,29.43,29.43,116835
2009-07-01,30.9,30.9,30.9,30.9,79773
2009-07-02,32.43,32.43,32.43,32.43,122970
2009-07-03,33.8,33.8,33.8,33.8,97990
2009-07-07,34.4,34.4,34.4,34.4,167372
2009-07-08,33.85,33.85,33.85,33.85,151676
2009-07-09,32.16,32.16,32.16,32.16,59158
2009-07-10,32.16,32.16,32.16,32.16,23681
2009-07-13,30.56,30.56,30.56,30.56,214950
2009-07-14,29.04,29.04,29.04,29.04,52230
2009-07-15,29.04,29.04,29.04,29.04,16742
2009-07-16,29.04,29.04,29.04,29.04,11662
2009-07-17,29.04,29.04,29.04,29.04,41224
2009-07-20,29.04,29.04,29.04,29.04,19000
2009-07-21,29.04,29.04,29.04,29.04,12366
2009-07-22,27.59,27.59,27.59,27.59,27308996
2009-07-23,26.5,26.5,26.5,26.5,813639
2009-07-24,27.82,27.82,27.82,27.82,356752
2009-07-27,29,29,29,29,805666
2009-07-28,29.79,29.79,29.79,29.79,343086
2009-07-29,29.99,31.27,29.99,31.27,411646
2009-07-30,31.27,32.5,31.27,31.27,160287
2009-07-31,31.27,31.27,31.27,31.27,113831
2009-08-03,31.27,31.27,31.27,31.27,30645
2009-08-04,29.52,29.52,29.52,29.52,55804
2009-08-05,29.52,29.52,29.52,29.52,6656
2009-08-06,28.05,28.05,28.05,28.05,54218
2009-08-07,29.45,29.45,29.45,29.45,403953
2009-08-10,29.45,29.45,29.45,29.45,32198
2009-08-11,29.98,29.98,29.98,29.98,191165
2009-08-12,28.99,28.99,28.99,28.99,187384
2009-08-13,27.55,27.55,27.55,27.55,271030
2009-08-14,26.18,26.18,26.18,26.18,681300
2009-08-17,26.18,26.18,26.18,26.18,15800
2009-08-18,26.99,26.99,26.99,26.99,108100
2009-08-19,25.65,25.65,25.65,25.65,83137
2009-08-20,25.65,25.65,25.65,25.65,48203
2009-08-21,25.65,25.65,25.65,25.65,191165
2009-08-24,25.65,25.65,25.65,25.65,47632
2009-08-25,25.65,25.65,25.65,25.65,18500
2009-08-26,24.37,24.37,24.37,24.37,492993
2009-08-27,23.2,23.2,23.2,23.2,110945
2009-08-28,23.2,23.2,23.2,23.2,39600
2009-08-31,23,23,23,23,1919450
2009-09-01,23,23,23,23,28301
2009-09-02,22,22,22,22,114100
2009-09-03,21.2,21.2,21.2,21.2,56448
2009-09-04,22.25,22.25,22.25,22.25,91714
2009-09-07,22.25,22.25,22.25,22.25,7040
2009-09-08,22,22,22,22,378030
2009-09-09,20.9,20.9,20.9,20.9,207100
2009-09-10,19.86,19.86,19.86,19.86,173443
2009-09-11,18.87,18.87,18.87,18.87,35962674
2009-09-14,18.87,18.87,18.87,18.87,112011
2009-09-15,19.81,19.81,19.81,19.81,230739
2009-09-16,20.8,20.8,20.8,20.8,82429
2009-09-17,21.84,21.84,21.84,21.84,188846
2009-09-18,22.93,22.93,22.93,22.93,146500
2009-09-23,24.07,24.07,24.07,24.07,187067
2009-09-24,25.27,25.27,25.27,25.27,215262
2009-09-25,25.99,25.99,25.99,25.99,572036
2009-09-28,27.28,27.28,27.28,27.28,241788
2009-09-29,28.1,28.1,28.1,28.1,557630
2009-09-30,28.1,28.1,28.1,28.1,181940
2009-10-02,28.1,28.1,28.1,28.1,21640
2009-10-05,26.7,26.7,26.7,26.7,189678
2009-10-06,27.79,27.79,27.79,27.79,724745
2009-10-07,26.9,26.9,26.41,26.41,459385
2009-10-08,26.41,26.41,26.41,26.41,229659
2009-10-09,26.41,26.41,26.41,26.41,111532
2009-10-12,25.09,26.99,25.09,26.99,425123
2009-10-13,26.98,26.98,26.98,26.98,347702
2009-10-14,26.98,26.98,26.98,26.98,187743
2009-10-15,26.98,26.98,26.98,26.98,11500
2009-10-16,26.98,26.98,26.98,26.98,4735
2009-10-19,26.98,26.98,26.98,26.98,1530
2009-10-20,26.98,26.98,26.98,26.98,19950
2009-10-21,26.98,26.98,26.98,26.98,6568
2009-10-22,26.98,26.98,26.98,26.98,6500
2009-10-23,26.98,26.98,26.98,26.98,29348
2009-10-26,26.98,26.98,26.98,26.98,48278
2009-10-27,26.98,26.98,26.98,26.98,86250
2009-10-28,26.98,26.98,26.98,26.98,6503
2009-10-29,25.64,28.32,25.64,28.32,1109902
2009-10-30,28.32,28.32,28.32,28.32,359221
2009-11-02,28.32,28.32,28.32,28.32,15400
2009-11-03,26.91,26.91,26.91,26.91,0
2009-11-04,25.57,25.57,25.57,25.57,204500
2009-11-05,24.3,26.84,24.3,26.84,1027635
2009-11-06,26.84,26.84,26.84,26.84,337524
2009-11-09,26.84,26.84,26.84,26.84,45849
2009-11-10,25.5,28,25.5,28,457560
2009-11-11,28.5,28.5,28.5,28.5,678955
2009-11-12,0,28.5,0,28.5,161879
2009-11-13,28,28.91,28,28.91,701092
2009-11-16,28.91,28.91,28.91,28.91,14721
2009-11-17,0,28.91,0,28.91,524758
2009-11-18,0,28.91,0,28.91,389722
2009-11-19,27.47,28.4,27.47,28.4,606013
2009-11-20,27,28.9,27,28.9,644600
2009-11-23,0,28.9,0,28.9,121621
2009-11-24,0,28.9,0,28.9,110292
2009-11-25,0,28.9,0,28.9,1404
2009-11-30,0,28.9,0,28.9,52840
2009-12-01,0,28.9,0,28.9,15968
2009-12-02,0,28.9,0,28.9,6850
2009-12-03,0,28.9,0,28.9,4100
2009-12-04,0,28.9,0,28.9,6950
2009-12-07,27.46,27.46,27.46,27.46,301712
2009-12-08,0,27.46,0,27.46,8611
2009-12-09,0,27.46,0,27.46,266742
2009-12-10,0,27.46,0,27.46,4707
2009-12-11,26.09,26.09,26.09,26.09,1206187
2009-12-14,24.79,26,24.79,26,1184350
2009-12-15,26.99,26.99,26.99,26.99,868500
2009-12-16,0,26.99,0,26.99,653965
2009-12-17,0,26.99,0,26.99,7932
2009-12-18,0,26.99,0,26.99,12100
2009-12-21,0,26.99,0,26.99,16257
2009-12-22,25.65,26,25.65,25.9,18681671
2009-12-23,0,25.9,0,25.9,281385
2009-12-28,0,25.9,0,25.9,47240
2009-12-29,24.61,25.9,24.61,25.9,1174850
2009-12-30,0,25.9,0,25.9,4680
2009-12-31,25.79,25.79,25.79,25.79,900266
2010-01-04,0,25.79,0,25.79,20690
2010-01-05,0,25.79,0,25.79,17700
2010-01-06,24.51,27,24.51,27,3653015
2010-01-07,27,27,26.56,26.56,283909
2010-01-08,27.49,27.49,26,27.47,899334
2010-01-11,28,28,28,28,501569
2010-01-12,28,28.48,28,29.4,2015299
2010-01-13,0,29.4,0,29.4,211139
2010-01-14,29.6,29.6,29.6,29.6,1121450
2010-01-15,0,29.6,0,29.6,344304
2010-01-18,0,29.6,0,29.6,593426
2010-01-19,28.5,28.5,28.5,28.5,232710
2010-01-20,0,28.5,0,28.5,11321
2010-01-21,28.5,28.5,28.5,28.5,5280
2010-01-22,0,28.5,0,28.5,30143
2010-01-25,0,28.5,0,28.5,129832
2010-01-26,0,28.5,0,28.5,8187
2010-01-27,0,28.5,0,28.5,48400
2010-01-28,0,28.5,0,28.5,41458
2010-01-29,0,28.5,0,28.5,387624
2010-02-01,0,28.5,0,28.5,521026
2010-02-02,0,28.5,0,28.5,312687
2010-02-03,28,28.5,28,28.5,364925
2010-02-04,0,28.5,0,28.5,143673
2010-02-05,0,28.5,0,28.5,58782
2010-02-08,27.08,28,27.08,28,328259
2010-02-09,0,28,0,28,79312
2010-02-10,0,28,0,28,226942
2010-02-11,28,28,28,28,268120
2010-02-12,0,0,0,28,40900
2010-02-15,28.5,28.5,28.5,28.5,485322
2010-02-16,0,0,0,28.5,81898
2010-02-17,0,0,0,28.5,183089
2010-02-18,27.08,28,27.08,28,252127
2010-02-19,0,0,0,28,53669
2010-02-22,28.49,28.49,28.49,28.49,422655
2010-02-23,27.08,28,27.07,28.49,303390
2010-02-24,27.2,27.99,27.08,28.49,195145
2010-02-25,28,28,28,28,557298
2010-03-01,28,28,28,28,104852
2010-03-02,27.2,27.98,27.2,27.98,479260
2010-03-03,28,28,28,28,204718
2010-03-04,27.95,27.95,27.95,27.95,405222
2010-03-05,27,27.85,26.57,27.95,149704
2010-03-08,27,27.95,27,27.95,82500
2010-03-09,27,27,26.8,27.95,262523
2010-03-10,26.72,27.89,26.72,27.95,54123
2010-03-11,27.5,27.95,27.5,27.95,403239
2010-03-12,27.9,27.9,26.56,27.95,152426
2010-03-15,28.9,28.9,28.9,28.9,124400
2010-03-16,28.9,28.9,27.46,28.9,254328
2010-03-17,28,28.9,27.46,28.9,340135
2010-03-18,27.6,28.9,27.46,28.9,165740
2010-03-19,28,28.9,27.46,28.9,757934
2010-03-22,30.34,30.34,30.34,30.34,126747
2010-03-23,31.5,31.5,28.83,28.83,1018126
2010-03-24,29.75,29.75,28.85,29.7,513997
2010-03-25,31,31.18,29.12,30.9,1472742
2010-03-26,32.24,32.44,29.42,30.01,3308333
2010-03-29,31.26,31.51,31.26,31.51,782412
2010-03-30,33.08,33.08,33.08,33.08,2780416
2010-03-31,34.72,34.73,34.72,34.73,2783726
2010-04-01,35.01,36.44,35.01,36.44,704218
2010-04-06,38,38,38,38,228245
2010-04-07,39.9,39.9,39.9,39.9,323350
2010-04-08,41.89,41.89,41.89,41.89,2559166
2010-04-09,43.5,43.98,43.5,43.98,386017
2010-04-12,46.17,46.17,43.61,46.17,3056951
2010-04-13,48.47,48.47,46.2,46.2,1502146
2010-04-14,46.4,48.51,43.9,48.51,5162961
2010-04-15,50.93,50.93,50.93,50.93,2435747
2010-04-16,53.47,53.47,53.47,53.47,302052
2010-04-19,56.14,56.14,56.14,56.14,344698
2010-04-20,58.94,58.94,58.94,58.94,1787628
2010-04-21,61.88,61.88,61.88,61.88,1108081
2010-04-22,64.97,64.97,58.79,58.79,4038278
2010-04-23,55.87,61.72,55.87,60,5661529
2010-04-26,60,61.69,59.02,61.69,638473
2010-04-27,60,60,58.61,58.61,2207927
2010-04-28,55.68,55.69,55.68,55.69,1895225
2010-04-29,53.75,53.75,53.01,53.01,983069
2010-04-30,53.01,53.01,53.01,53.01,372384
2010-05-04,53.02,55.66,53.01,53.01,42125
2010-05-05,55.01,55.01,54,54,551982
2010-05-07,53.5,54.01,53.5,54,201715
2010-05-10,54.5,56.7,54.5,56.7,523940
2010-05-11,59,59.43,59,59.43,432969
2010-05-12,59,59,58.55,58.55,616405
2010-05-13,58,58.55,56.4,58.55,102178
2010-05-14,58,58.55,58,58.55,317060
2010-05-17,57,57,57,57,274984
2010-05-18,57,57,57,57,199577
2010-05-19,56.5,57,56.03,57,127172
2010-05-20,57,57,54.16,57,85569
2010-05-21,55.3,55.3,55,55,1138849
2010-05-24,55.99,55.99,53.71,55,45351
2010-05-25,54,55,53.8,55,138138
2010-05-26,53.52,55,53.05,55,235084
2010-05-27,52.55,52.55,52.55,52.55,401077
2010-05-28,54.98,54.98,52.01,52.01,654871
2010-06-01,52.2,53,52.2,53,387520
2010-06-02,53.06,53.06,53.06,53.06,335933
2010-06-03,50.63,55.32,50.61,55.32,890826
2010-06-04,55.9,55.9,55.9,55.9,147219
2010-06-07,56.55,58.6,55.01,55.9,187495
2010-06-08,55.01,55.01,54.55,54.55,410783
2010-06-09,55,55,55,55,287541
2010-06-10,53.5,53.5,53.5,53.5,321386
2010-06-11,53.75,53.75,53.75,53.75,541604
2010-06-14,54.99,54.99,54.99,54.99,412291
2010-06-15,54.99,55,54.99,55,477229
2010-06-16,55,55,55,55,1091609
2010-06-17,55,55,55,55,642407
2010-06-18,55.01,55.01,55,55,750953
2010-06-21,55,55,55,55,423865
2010-06-22,55,55,55,55,874116
2010-06-23,55,55,55,55,1318163
2010-06-24,55,55,55,55,886426
2010-06-25,52.6,52.6,52.6,52.6,9527
2010-06-28,53,53,52.55,53,570548
2010-06-29,55,55,55,55,932015
2010-06-30,53,55,53,55,49048
2010-07-01,53,55,53,55,37088
2010-07-02,55,55,55,55,233792
2010-07-05,54.5,55,54.5,55,204799
2010-07-06,55,55.5,54,55,272232
2010-07-07,55,55.02,55,55,161577
2010-07-08,55,55,55,55,262801
2010-07-09,55,55,55,55,297598
2010-07-12,55,55,55,55,262690
2010-07-13,55,55,55,55,154506
2010-07-14,55.5,56.99,55,55,89949
2010-07-15,57.75,57.75,57.75,57.75,109776
2010-07-16,57,57.75,55.02,57.75,21186
2010-07-19,55.1,57.75,55,57.75,60020
2010-07-20,55,57.75,55,57.75,34238
2010-07-21,57.74,57.75,55,57.75,47271
2010-07-22,55,57.75,55,57.75,51485
2010-07-23,57.75,57.75,55,57.75,53043
2010-07-26,54.87,57.99,54.87,55,961349
2010-07-27,55,55,55,55,543740
2010-07-28,55,55,55,55,235024
2010-07-29,55,55.1,55,55,9022
2010-07-30,55.01,55.01,55.01,55.01,171234
2010-08-02,55.01,56.5,55.01,55.01,65100
2010-08-03,55.5,56.5,55.01,55.01,45705
2010-08-04,55.03,55.03,55.03,55.03,247584
2010-08-05,55.01,55.01,55.01,55.01,540
2010-08-06,55.01,55.01,55.01,55.01,99132
2010-08-09,52.28,52.28,52.28,52.28,522447
2010-08-10,54.89,54.89,54.89,54.89,197638
2010-08-11,54.89,54.99,52.63,54.89,36466
2010-08-12,53.8,57.63,53.8,54.89,109353
2010-08-13,54.01,54.01,54.01,54.01,344483
2010-08-16,55,56.5,54.01,54.01,103129
2010-08-17,55.5,56.71,54.01,54.01,100338
2010-08-18,55,55,54.55,54.55,583600
2010-08-19,55,56.5,54.55,54.55,265844
2010-08-20,54.6,54.6,54.57,54.58,664588
2010-08-23,55,55,55,55,271468
2010-08-24,55.5,55.5,55.5,55.5,254913
2010-08-25,52.73,52.73,52.73,52.73,92000
2010-08-26,55,55,50.11,52.73,16015
2010-08-27,51.11,52.73,51.11,52.73,26500
2010-08-30,52,52.73,52,52.73,64113
2010-08-31,51.99,52.73,51,52.73,68152
2010-09-01,53,53,51.5,52.73,62475
2010-09-02,52.73,52.73,52.73,52.73,171090
2010-09-03,50.11,55.34,50.11,52.73,585118
2010-09-06,52.73,53,52.06,52.73,53157
2010-09-07,54,54,54,54,232751
2010-09-08,54,56,53.1,55.98,2532956
2010-09-13,53.52,57.9,53.51,57.5,1674331
2010-09-14,56,56,56,56,1312110
2010-09-15,53.7,56,53.25,56,544131
2010-09-16,53.22,56,53.2,56,129211
2010-09-17,53.2,56,53.2,56,16001
2010-09-20,53.3,55.89,53.3,53.5,4178551
2010-09-21,51.52,53.5,51.51,53.5,33848
2010-09-22,50.83,52,50.83,52,209250
2010-09-23,51.2,52,49.4,52,154805
2010-09-24,52,52,52,52,52306
2010-09-27,52,52,52,52,31493
2010-09-28,52.99,52.99,52.99,52.99,82210
2010-09-29,53.99,53.99,53.99,53.99,97615
2010-09-30,52,52,52,52,1521860
2010-10-04,52,52,52,52,41616
2010-10-05,52,52,52,52,43787
2010-10-06,52,52,50.01,52,508889
2010-10-07,52,52,52,52,17513
2010-10-08,52,52,52,52,1239
2010-10-11,52,52,52,52,40315
2010-10-12,52,52,52,52,97498
2010-10-13,52,52,52,52,142493
2010-10-14,52,52,52,52,26193
2010-10-15,52,52,52,52,25173
2010-10-18,52,52,52,52,88371
2010-10-19,52,52,50.5,50.5,307300
2010-10-20,50.5,50.5,50.5,50.5,338859
2010-10-21,51,51,51,51,175200
2010-10-22,51,51,51,51,69769
2010-10-25,51,51,51,51,50194
2010-10-26,48.46,53,48.46,50,853771
2010-10-27,50,50,50,50,53433
2010-10-28,50,50,50,50,43561
2010-10-29,50,50,50,50,114271
2010-11-01,50,50,50,50,66597
2010-11-02,50,50,50,50,86326
2010-11-03,50,50,50,50,6790
2010-11-04,50,50,50,50,10104
2010-11-05,50,50,50,50,39390
2010-11-08,50,50,50,50,15842
2010-11-09,50,50,50,50,29907
2010-11-10,50,50,50,50,5390
2010-11-11,50.5,50.5,50.5,50.5,308800
2010-11-12,50.5,50.5,50.5,50.5,216645
2010-11-15,50.5,50.5,50.5,50.5,144100
2010-11-18,50.5,50.5,50.5,50.5,140333
2010-11-19,50.5,50.5,50.5,50.5,261257
2010-11-22,50,50,50,50,98759
2010-11-23,50,50.5,50,50.5,286718
2010-11-24,50.5,50.5,50.5,50.5,88796
2010-11-25,50.5,50.5,50.5,50.5,57389
2010-11-26,50.5,50.5,50.5,50.5,23961
2010-11-29,50.5,50.5,50.5,50.5,52354
2010-11-30,49.98,49.98,49.98,49.98,369377
2010-12-01,49.98,49.98,49.98,49.98,124100
2010-12-02,49.98,49.98,49.98,49.98,162249
2010-12-03,49.98,49.98,49.98,49.98,65025
2010-12-06,49.98,49.98,49.98,49.98,156366
2010-12-07,50,50.01,50,50.01,816270
2010-12-08,50.99,50.99,50.99,50.99,432299
2010-12-09,50.07,50.07,50.07,50.07,205147
2010-12-10,50.07,50.07,50.07,50.07,33564
2010-12-13,48.1,48.1,48.1,48.1,219298
2010-12-14,48.1,48.1,48.1,48.1,46282
2010-12-15,48.1,48.1,48.1,48.1,40210
2010-12-16,48.1,48.1,48.1,48.1,247321
2010-12-17,48.1,48.1,48.1,48.1,21700
2010-12-20,48.5,50,48.5,50,593961
2010-12-21,50,50,50,50,26506
2010-12-22,50,50,50,50,396828
2010-12-23,50,50,50,50,20100
2010-12-24,50,50,50,50,20000
2010-12-29,50,50,50,50,30050
2010-12-30,50,50,50,50,177907
2010-12-31,50,50,50,50,3060200
2011-01-04,50,50,50,50,34701
2011-01-05,50,50,50,50,16331
2011-01-06,50,50,50,50,115461
2011-01-07,50,50,50,50,5500
2011-01-10,50,50,50,50,5200
2011-01-11,50,50,50,50,19920
2011-01-12,50.85,50.85,50.85,50.85,232327
2011-01-13,51.99,51.99,51.99,51.99,141550
2011-01-14,51,51,51,51,302060
2011-01-17,51,51,51,51,65414
2011-01-18,51,51,51,51,124537
2011-01-19,51,51,51,51,28495
2011-01-20,51,51,51,51,65323
2011-01-21,51,51,51,51,21472
2011-01-24,51,51,51,51,130746
2011-01-25,51,51,51,51,31965
2011-01-26,53.55,53.55,53.55,53.55,301543
2011-01-27,54,54,54,54,80577
2011-01-28,54,54,54,54,48281
2011-01-31,54,54,54,54,49350
2011-02-01,54,54,54,54,25093
2011-02-02,54,54,54,54,81527
2011-02-03,54,54,54,54,10447
2011-02-04,54,54,54,54,5266
2011-02-07,54,54,54,54,28181
2011-02-08,54,54,54,54,18342
2011-02-09,54,54,54,54,19557
2011-02-10,51.5,51.5,51.3,51.3,385403
2011-02-11,51.3,51.3,51.3,51.3,93896
2011-02-14,51.3,51.3,51.3,51.3,3000
2011-02-16,51.3,51.3,51.3,51.3,28878
2011-02-17,51.3,51.3,51.3,51.3,30263
2011-02-18,51.3,51.3,51.3,51.3,26428
2011-02-21,51.3,51.3,51.3,51.3,13445
2011-02-22,51.3,51.3,51.3,51.3,23464
2011-02-23,51.3,51.3,51.3,51.3,1928568
2011-02-24,51.3,51.3,51.3,51.3,1211510
2011-02-25,51.3,51.3,51.3,51.3,14217
2011-02-28,51.3,51.3,51.3,51.3,27544
2011-03-01,51.3,51.3,51.3,51.3,102400
2011-03-02,51.3,51.3,51.3,51.3,50190
2011-03-03,51.3,51.3,51.3,51.3,133785
2011-03-04,51.3,51.3,51.3,51.3,28455
2011-03-07,48.74,48.75,48.74,48.75,334032
2011-03-08,48.75,48.75,48.75,48.75,81856
2011-03-09,48.5,48.5,48.5,48.5,96058
2011-03-10,48.5,48.5,48.5,48.5,5778
2011-03-11,48.5,48.5,48.5,48.5,17039
2011-03-14,47.5,47.5,47.5,47.5,87400
2011-03-15,47.75,47.75,47.25,47.25,290363
2011-03-16,47.25,47.25,47.25,47.25,27597
2011-03-17,47.25,47.25,47.25,47.25,19182
2011-03-18,47.25,47.25,47.25,47.25,3018
2011-03-21,47.25,47.25,47.25,47.25,14013
2011-03-22,47.25,47.25,47.25,47.25,79163
2011-03-23,47.25,47.25,47.25,47.25,185204
2011-03-24,47.25,47.25,47.25,47.25,120083
2011-03-25,47.25,47.25,47.25,47.25,11500
2011-03-28,47.08,47.08,47.08,47.08,189505
2011-03-29,47.08,47.08,47.08,47.08,10977
2011-03-30,47.08,47.08,47.08,47.08,100300
2011-04-01,47.08,47.08,47.08,47.08,31287
2011-04-04,47.08,47.08,47.08,47.08,24327
2011-04-05,47.08,47.08,47.08,47.08,12010
2011-04-06,47.08,47.08,47.08,47.08,40472
2011-04-07,47.08,47.08,47.08,47.08,27461
2011-04-08,47.08,47.08,47.08,47.08,35538
2011-04-11,47.08,47.08,47.08,47.08,2760
2011-04-12,47.08,47.08,47.08,47.08,25821
2011-04-13,48.5,48.5,48,48,697308
2011-04-14,48,48,48,48,124858
2011-04-15,48,48,48,48,19191
2011-04-18,48,48,48,48,2400
2011-04-19,48,48,48,48,43010
2011-04-20,48,48,48,48,79033
2011-04-21,48,48,48,48,16706
2011-04-27,48,48,48,48,15774
2011-04-28,48,48,48,48,28200
2011-04-29,48,48,48,48,26036
2011-05-03,48,48,48,48,60550
2011-05-04,48,48,48,48,69116
2011-05-05,48,48,48,48,23738
2011-05-06,48.54,50.4,48.54,50.4,426603
2011-05-09,51.99,52,51.99,52,506730
2011-05-10,52,52,52,52,64050
2011-05-11,52,52,52,52,39088
2011-05-12,52,52,52,52,20676
2011-05-13,52,52,52,52,30639
2011-05-16,52,52,52,52,163101
2011-05-17,52,52,52,52,293008
2011-05-18,54.6,54.6,52.11,52.11,1038350
2011-05-19,52.11,52.11,52.11,52.11,36809
2011-05-20,52.11,52.11,52.11,52.11,26466
2011-05-23,53.06,53.06,53.06,53.06,129658
2011-05-24,53.06,53.06,53.06,53.06,49188
2011-05-25,55.71,55.71,55.71,55.71,119411
2011-05-26,58.49,58.49,58.49,58.49,66003
2011-05-27,58.49,58.49,58.49,58.49,101309
2011-05-31,58.49,58.49,58.49,58.49,37543
2011-06-01,55.61,55.61,55.61,55.61,88267
2011-06-02,55.6,56,55.5,55.5,908460
2011-06-03,55.5,55.5,55.5,55.5,41835
2011-06-06,55.5,55.5,55.5,55.5,355319
2011-06-07,55.5,55.5,55.5,55.5,128950
2011-06-08,56,56,56,56,124054
2011-06-09,56,56,56,56,38020
2011-06-10,56,56,56,56,69144
2011-06-13,56,56,56,56,95148
2011-06-14,56,56,56,56,16564
2011-06-15,56,56,56,56,73900
2011-06-16,56,56,56,56,42648
2011-06-17,56,56,56,56,29583
2011-06-20,54,54,54,54,66458
2011-06-21,56.7,56.7,56,56.5,671433
2011-06-22,56.5,56.5,56.5,56.5,133736
2011-06-23,56.5,56.5,56.5,56.5,800
2011-06-24,56.5,56.5,56.5,56.5,129032
2011-06-27,56.5,56.5,56.5,56.5,11306
2011-06-28,56.5,56.5,56.5,56.5,42414
2011-06-29,59,59.3,59,59.3,1137189
2011-06-30,62.26,62.26,61,62.26,1463186
2011-07-01,62.26,62.26,62.26,62.26,40260
2011-07-04,62.26,62.26,62.26,62.26,16155
2011-07-05,59.15,59.15,59.15,59.15,171060
2011-07-06,59.15,59.15,59.15,59.15,24550
2011-07-07,59.15,59.15,59.15,59.15,10000
2011-07-08,56.2,56.2,56.2,56.2,170724
2011-07-11,56,56.5,56,56.3,485705
2011-07-12,56.3,56.3,56.3,56.3,9020
2011-07-13,56.3,56.3,56.3,56.3,98845
2011-07-14,53.49,53.49,53.49,53.49,808368
2011-07-15,53.49,53.49,53.49,53.49,155672
2011-07-18,53.49,53.49,53.49,53.49,15512
2011-07-19,50.82,50.82,50.82,50.82,367706
2011-07-20,50.82,50.82,50.82,50.82,202364
2011-07-21,50.82,50.82,50.82,50.82,4350
2011-07-22,50.82,50.82,50.82,50.82,8000
2011-07-25,50.82,50.82,50.82,50.82,504209
2011-07-26,50.82,50.82,50.82,50.82,31562
2011-07-27,50.82,50.82,50.82,50.82,21643
2011-07-28,50.82,50.82,50.82,50.82,32166
2011-07-29,50.82,50.82,50.82,50.82,24438
2011-08-01,50.82,50.82,50.82,50.82,3965
2011-08-02,50,50,50,50,132084
2011-08-03,50,50,50,50,81396
2011-08-04,50,50,50,50,14677
2011-08-05,50,50,50,50,200
2011-08-08,47.5,47.5,47.5,47.5,311056
2011-08-09,47.5,47.5,47.5,47.5,91822
2011-08-10,49.5,49.5,49.5,49.5,166086
2011-08-11,50.5,51.97,50,51.97,739405
2011-08-12,51.97,51.97,51.97,51.97,136683
2011-08-15,54.56,54.56,54.56,54.56,399251
2011-08-16,54.56,54.56,54.56,54.56,32000
2011-08-17,55.5,55.5,55.5,55.5,113980
2011-08-18,55.5,55.5,55.5,55.5,61200
2011-08-19,55.5,55.5,55.5,55.5,156393
2011-08-22,55.5,55.5,55.5,55.5,62500
2011-08-23,55.5,55.5,55.5,55.5,139421
2011-08-24,55.5,55.5,55.5,55.5,55969
2011-08-25,55.5,55.5,55.5,55.5,162692
2011-08-26,55.11,55.11,55.11,55.11,114245
2011-08-29,55.11,55.11,55.11,55.11,37482
2011-09-01,55.11,55.11,55.11,55.11,339472
2011-09-02,55.11,55.11,55.11,55.11,30464
2011-09-05,55.11,55.11,55.11,55.11,266532
2011-09-06,55.11,55.11,55.11,55.11,239215
2011-09-07,55.5,55.5,55.5,55.5,86508
2011-09-08,55.5,55.5,55,55,381693
2011-09-09,55,55,55,55,77893
2011-09-12,55,55,55,55,42168
2011-09-13,52.25,52.25,52.25,52.25,89302
2011-09-15,52.25,52.25,52.25,52.25,20749
2011-09-16,52.25,52.25,52.25,52.25,63083
2011-09-19,49.64,49.64,49.64,49.64,125000
2011-09-20,49.64,49.64,49.64,49.64,107647
2011-09-21,49.64,49.64,49.64,49.64,29350
2011-09-22,49.64,49.64,49.64,49.64,33034
2011-09-23,49.64,49.64,49.64,49.64,276833
2011-09-26,49.64,49.64,49.64,49.64,81763
2011-09-27,49.64,49.64,49.64,49.64,35396
2011-09-28,49.64,49.64,49.64,49.64,86500
2011-09-29,47.16,47.16,47.16,47.16,210919
2011-09-30,47.16,47.16,47.16,47.16,30716
2011-10-04,47.16,47.16,47.16,47.16,23537
2011-10-05,47.16,47.16,47.16,47.16,104433
2011-10-06,47.16,47.16,47.16,47.16,116287
2011-10-07,47.16,47.16,47.16,47.16,247708
2011-10-10,47.16,47.16,47.16,47.16,37716
2011-10-11,47.16,47.16,47.16,47.16,63429
2011-10-12,47.16,47.16,47.16,47.16,14915
2011-10-13,44.81,44.81,44.81,44.81,156200
2011-10-14,42.57,42.57,42.57,42.57,183372
2011-10-17,40.45,40.45,40.45,40.45,1094041
2011-10-18,40.45,40.45,40.45,40.45,163515
2011-10-19,40.45,40.45,40.45,40.45,28022
2011-10-20,40.45,40.45,40.45,40.45,36349
2011-10-21,38.43,38.43,38.43,38.43,104276
2011-10-24,38.43,38.43,38.43,38.43,151374
2011-10-25,38.43,38.43,38.43,38.43,75067
2011-10-26,38.43,38.43,38.43,38.43,174565
2011-10-27,38.43,38.43,38.43,38.43,46953
2011-10-28,38.43,38.43,38.43,38.43,74942
2011-10-31,38.43,38.43,38.43,38.43,54125
2011-11-01,38.43,38.43,38.43,38.43,59818
2011-11-02,38.43,38.43,38.43,38.43,115600
2011-11-03,38.43,38.43,38.43,38.43,56775
2011-11-04,38.43,38.43,38.43,38.43,25550
2011-11-09,38.43,38.43,38.43,38.43,69360
2011-11-10,38.43,38.43,38.43,38.43,255369
2011-11-11,38.43,38.43,38.43,38.43,15061
2011-11-14,38.43,38.43,38.43,38.43,48920
2011-11-15,38.43,38.43,38.43,38.43,15196
2011-11-16,38.43,38.43,38.43,38.43,26063
2011-11-17,38.43,38.43,38.43,38.43,10468
2011-11-18,38.43,38.43,38.43,38.43,35485
2011-11-21,38.43,38.43,38.43,38.43,15836
2011-11-22,38.43,38.43,38.43,38.43,10338
2011-11-23,38.43,38.43,38.43,38.43,25000
2011-11-24,38.43,38.43,38.43,38.43,30382
2011-11-25,38.43,38.43,38.43,38.43,13763
2011-11-28,38.43,38.43,38.43,38.43,54765
2011-11-29,38.43,38.43,38.43,38.43,194925
2011-11-30,38.43,38.43,38.43,38.43,126550
2011-12-01,38.43,38.43,38.43,38.43,65908
2011-12-02,38.43,38.43,38.43,38.43,72460
2011-12-05,38.43,38.43,38.43,38.43,46599
2011-12-06,38.43,38.43,38.43,38.43,18000
2011-12-07,38.43,38.43,38.43,38.43,6050
2011-12-08,38.43,38.43,38.43,38.43,10000
2011-12-09,36.51,36.51,36.51,36.51,214500
2011-12-12,36.51,36.51,36.51,36.51,28422
2011-12-13,34.69,34.69,34.69,34.69,346000
2011-12-14,32.96,32.96,32.96,32.96,175744
2011-12-15,32.96,32.96,32.96,32.96,7009
2011-12-16,32.96,32.96,32.96,32.96,27148
2011-12-19,32.96,32.96,32.96,32.96,41040
2011-12-20,32.96,32.96,32.96,32.96,72340
2011-12-21,32.96,32.96,32.96,32.96,38683
2011-12-22,32.96,32.96,32.96,32.96,36032
2011-12-23,31.6,31.6,31.6,31.6,87602
2011-12-28,31.6,31.6,31.6,31.6,45504
2011-12-29,31.6,31.6,31.6,31.6,200
2011-12-30,31.6,31.6,31.6,31.6,31300
2012-01-03,31.6,31.6,31.6,31.6,54425
2012-01-04,31.6,31.6,31.6,31.6,27
2012-01-05,31.6,31.6,31.6,31.6,550
2012-01-06,31.6,31.6,31.6,31.6,103889
2012-01-17,33.18,33.18,33.18,33.18,50100
2012-01-18,33.18,33.18,33.18,33.18,8427
2012-01-19,32.05,32.05,32.05,32.05,226299
2012-01-20,32.05,32.05,32.05,32.05,32706
2012-01-23,32.05,32.05,32.05,32.05,91700
2012-01-24,30.7,30.7,30.7,30.7,71000
2012-01-25,30.7,30.7,30.7,30.7,68996
2012-01-26,31,31,31,31,139458
2012-01-27,31.5,31.5,31.5,31.5,148009
2012-01-30,31.5,31.5,31.5,31.5,24505
2012-01-31,40,40,31.5,31.5,120207475
2012-02-01,31.5,31.5,31.5,31.5,63886
2012-02-02,30.01,30.01,30,30,431877
2012-02-03,30,30,29.11,29.11,286507
2012-02-07,29.11,29.11,29.11,29.11,186501
2012-02-08,29.2,29.2,28,28,356132
2012-02-09,27,27,27,27,115152
2012-02-10,25.65,25.65,25.65,25.65,162144
2012-02-13,24.37,24.37,24.37,24.37,166800
2012-02-14,23.16,23.16,23.16,23.16,209653
2012-02-15,22.01,22.01,22.01,22.01,342885
2012-02-16,22.01,22.01,22.01,22.01,117566
2012-02-17,22.01,22.01,22.01,22.01,132750
2012-02-20,22.01,22.01,22.01,22.01,35154
2012-02-21,22.01,22.01,22.01,22.01,63940
2012-02-22,20.91,20.91,20.91,20.91,498053
2012-02-23,20.91,20.91,20.91,20.91,191379
2012-02-24,21,21,21,21,470217
2012-02-27,21,21,20.9,20.9,455762
2012-02-28,20.9,20.9,20.9,20.9,42098
2012-02-29,20.2,20.2,19.86,19.86,360067
2012-03-01,20.52,20.53,20.52,20.53,367968
2012-03-02,21.55,21.55,21.55,21.55,146689
2012-03-05,22.62,22.62,22.62,22.62,214050
2012-03-06,22.62,22.62,22.62,22.62,184400
2012-03-07,22.62,22.62,22.62,22.62,50429
2012-03-08,23.75,23.75,23.75,23.75,205400
2012-03-09,24.93,24.93,24.93,24.93,904594
2012-03-12,26.17,26.17,26.17,26.17,102556
2012-03-13,27.47,27.47,27.47,27.47,221093
2012-03-14,28.84,28.84,28.84,28.84,237200
2012-03-15,30.23,30.23,30.22,30.22,253758
2012-03-16,31.73,31.73,31.73,31.73,489829
2012-03-19,31.73,31.73,31.73,31.73,175033
2012-03-20,31.73,31.73,31.73,31.73,207537
2012-03-21,30.52,30.52,30.52,30.52,348723
2012-03-22,29,29,29,29,111979
2012-03-23,29,29,29,29,1491016
2012-03-26,31.97,31.97,30.45,31.97,383405
2012-03-27,32,32,32,32,558718
2012-03-28,31.6,31.6,31.6,31.6,430799
2012-03-29,31.5,31.6,31.5,31.6,215010
2012-03-30,30.6,30.6,30.25,30.25,269045
2012-04-02,30.25,30.25,30.25,30.25,294058
2012-04-03,30.25,30.25,30.25,30.25,94471
2012-04-04,30.25,30.25,30.25,30.25,83277
2012-04-05,30.25,30.25,30.25,30.25,45242
2012-04-10,30.25,30.25,30.25,30.25,57383
2012-04-11,30.3,30.99,30.3,30.99,135700
2012-04-12,30.99,30.99,30.99,30.99,50791
2012-04-13,30.99,30.99,30.99,30.99,31457
2012-04-16,30.99,30.99,30.99,30.99,67764
2012-04-17,30.99,30.99,30.99,30.99,57000
2012-04-18,30.99,30.99,30.99,30.99,94840
2012-04-19,30.99,30.99,30.99,30.99,14036
2012-04-20,30.99,30.99,30.99,30.99,213823
2012-04-23,30.99,30.99,30.99,30.99,33550
2012-04-24,30.99,30.99,30.99,30.99,37767
2012-04-25,30.99,30.99,30.99,30.99,43671
2012-04-26,30.99,30.99,30.99,30.99,42859
2012-04-27,30.99,30.99,30.99,30.99,33803
2012-04-30,30.99,30.99,30.99,30.99,4706
2012-05-02,30,30,30,30,105440
2012-05-03,30,30,30,30,13312
2012-05-04,30,30,30,30,31660
2012-05-07,30,30,30,30,135499
2012-05-08,30,30,30,30,83145
2012-05-09,30,30,30,30,79418
2012-05-10,30,30,30,30,7092
2012-05-11,30.1,30.1,30.1,30.1,154159
2012-05-14,30.99,30.99,30.99,30.99,127300
2012-05-15,31.06,31.06,31.06,31.06,363840
2012-05-16,31.06,31.06,31.06,31.06,2250
2012-05-17,31.06,31.06,31.06,31.06,128645
2012-05-18,31.06,31.06,31.06,31.06,7420
2012-05-21,31.06,31.06,31.06,31.06,157218
2012-05-22,32.61,32.61,32.61,32.61,850450
2012-05-23,34.24,34.24,34.24,34.24,351091
2012-05-24,34,34,34,34,175531
2012-05-25,34,34,34,34,679608
2012-05-28,34,34,34,34,763096
2012-05-30,34,34,34,34,243710
2012-05-31,33.01,33.01,33.01,33.01,313168
2012-06-01,33.01,33.01,33.01,33.01,65690
2012-06-04,30.61,30.61,30.61,30.61,44434
2012-06-05,30.61,30.61,30.61,30.61,82198
2012-06-06,30.61,30.61,30.61,30.61,18112
2012-06-07,30.61,30.61,30.61,30.61,60431
2012-06-08,29.08,29.08,29.08,29.08,131484
2012-06-11,29.08,29.08,29.08,29.08,1732
2012-06-12,29.08,29.08,29.08,29.08,57269
2012-06-14,29.08,29.08,29.08,29.08,44000
2012-06-18,29.08,29.08,29.08,29.08,106708
2012-06-19,29.08,29.08,29.08,29.08,143652
2012-06-20,29.08,29.08,29.08,29.08,153500
2012-06-21,29.08,29.08,29.08,29.08,1030
2012-06-22,29.08,29.08,29.08,29.08,11077
2012-06-25,29.08,29.08,29.08,29.08,269965
2012-06-26,29.08,29.08,29.08,29.08,100391
2012-06-27,27.63,27.63,27.63,27.63,61000
2012-06-28,27.63,27.63,27.63,27.63,50480
2012-06-29,27.63,27.63,27.63,27.63,5500
2012-07-02,27.63,27.63,27.63,27.63,7500
2012-07-03,27.63,27.63,27.63,27.63,40000
2012-07-04,27.63,27.63,27.63,27.63,109359
2012-07-05,27.63,27.63,27.63,27.63,66875
2012-07-06,27.63,27.63,27.63,27.63,31790
2012-07-09,27.63,27.63,27.63,27.63,24200
2012-07-10,27.63,27.63,27.63,27.63,57024
2012-07-11,27.63,27.63,27.63,27.63,31055
2012-07-12,27.63,27.63,27.63,27.63,8369
2012-07-13,27.63,27.63,27.63,27.63,44192
2012-07-16,27.63,27.63,27.63,27.63,4310
2012-07-17,27.63,27.63,27.63,27.63,83678
2012-07-18,27.63,27.63,27.63,27.63,69991
2012-07-19,27.63,27.63,27.63,27.63,31194
2012-07-20,27.63,27.63,27.63,27.63,11275
2012-07-23,27.63,27.63,27.63,27.63,24097
2012-07-24,27.63,27.63,27.63,27.63,22241
2012-07-25,27.63,27.63,27.63,27.63,14988
2012-07-26,27.63,27.63,27.63,27.63,8744
2012-07-27,27.63,27.63,27.63,27.63,22261
2012-07-30,26.25,26.25,26.25,26.25,135147
2012-07-31,26.25,26.25,26.25,26.25,75800
2012-08-01,26.25,26.25,26.25,26.25,11600
2012-08-02,26.25,26.25,26.25,26.25,13498
2012-08-03,26.25,26.25,26.25,26.25,11714
2012-08-06,26.25,26.25,26.25,26.25,228175
2012-08-07,26.25,26.25,26.25,26.25,41838
2012-08-08,26.25,26.25,26.25,26.25,81650
2012-08-09,26.25,26.25,26.25,26.25,56600
2012-08-10,26.25,26.25,26.25,26.25,10680
2012-08-13,26.25,26.25,26.25,26.25,12042
2012-08-14,26.25,26.25,26.25,26.25,91845
2012-08-15,26.25,26.25,26.25,26.25,103086
2012-08-16,26.25,26.25,26.25,26.25,115066
2012-08-17,26.25,26.25,26.25,26.25,34750
2012-08-22,26.25,26.25,26.25,26.25,52550
2012-08-23,26.25,26.25,26.25,26.25,40192
2012-08-24,26.25,26.25,26.25,26.25,253191
2012-08-27,26.25,26.25,26.25,26.25,22216
2012-08-28,26.25,26.25,26.25,26.25,96783
2012-08-29,26.25,26.25,26.25,26.25,57510
2012-08-30,26.25,26.25,26.25,26.25,27416
2012-08-31,26.03,26.72,26.03,26.72,339530
2012-09-03,28,28,28,28,327026
2012-09-04,29,29.4,29,29.4,971612
2012-09-05,29.6,29.8,29.4,29.8,954940
2012-09-06,30.99,30.99,29.8,29.8,758827
2012-09-07,28.55,28.55,28.55,28.55,67940
2012-09-10,29.97,29.97,29.97,29.97,207059
2012-09-11,28.61,29.95,28.61,29.95,135776
2012-09-12,28.7,29,28.5,29,714575
2012-09-13,28.8,28.8,28.8,28.8,241320
2012-09-14,28.01,28.01,28.01,28.01,369700
2012-09-17,28.01,28.01,28.01,28.01,190388
2012-09-18,27.5,27.5,27.5,27.5,303000
2012-09-19,28.8,28.8,28.8,28.8,245722
2012-09-20,28.8,28.8,28.8,28.8,57574
2012-09-21,28.8,28.8,28.8,28.8,150146
2012-09-24,28.8,28.8,28.8,28.8,30274
2012-09-25,28.8,28.8,28.8,28.8,45293
2012-09-26,25.64,25.64,24.87,25,1041349.1
2012-09-27,24.32,24.32,24.17,24.17,592350
2012-09-28,25,25,25,25,358491.1
2012-10-02,25,25,25,25,132220
2012-10-03,25,25,25,25,22971.3
2012-10-04,26.25,26.25,26.25,26.25,210714.9
2012-10-05,26.36,26.36,26.36,26.36,327954
2012-10-08,27.27,27.27,26.81,26.81,341825
2012-10-09,27.27,27.27,27.27,27.27,343165.9
2012-10-10,27.64,28.18,27.64,28.18,2269506.8
2012-10-11,28.18,28.18,28.18,28.18,99288.2
2012-10-12,28.18,28.18,28.18,28.18,107808.8
2012-10-15,28.18,28.18,28.18,28.18,76135.4
2012-10-16,28.18,28.18,28.18,28.18,62097.2
2012-10-17,27.73,28.18,27.73,28.18,30217597.3
2012-10-18,28.18,28.18,28.18,28.18,139288.6
2012-10-19,28.18,28.18,28.18,28.18,44242
2012-10-22,28.18,28.18,28.18,28.18,23042.8
2012-10-23,28.18,28.18,28.18,28.18,23410.2
2012-10-24,28.18,28.18,28.18,28.18,39875
2012-10-29,28.18,28.18,28.18,28.18,74457.9
2012-10-30,28.18,28.18,28.18,28.18,24175.8
2012-10-31,26.77,26.77,26.77,26.77,69527.7
2012-11-01,26.77,26.77,26.77,26.77,23540
2012-11-02,26.77,26.77,26.77,26.77,62020.2
2012-11-05,27.27,27.27,27.27,27.27,329771.2
2012-11-06,27.27,27.27,27.27,27.27,74675.7
2012-11-07,26.09,27.19,26.09,27.19,993558.5
2012-11-08,27.91,27.91,27.83,27.83,736532.5
2012-11-09,27.83,27.83,27.83,27.83,38370.2
2012-11-12,27.83,27.83,27.83,27.83,80822.5
2012-11-13,26.46,26.46,26.45,26.45,369591.2
2012-11-14,26.45,26.45,26.45,26.45,387975.5
2012-11-15,26.45,26.45,26.45,26.45,276570.8
2012-11-16,26.45,26.45,26.45,26.45,290716.8
2012-11-19,26.45,26.45,26.45,26.45,20970.4
2012-11-20,26.45,26.45,26.45,26.45,100258.4
2012-11-21,27.27,27.27,27.27,27.27,325191.9
2012-11-22,28.27,28.64,28.18,28.64,628800.7
2012-11-23,28.64,28.64,28.64,28.64,658574.4
2012-11-26,28.64,28.64,28.64,28.64,51625.2
2012-11-27,28.64,28.64,28.64,28.64,195485.4
2012-11-28,28.64,28.64,28.64,28.64,160050
2012-11-29,30,30,30,30,210908.5
2012-11-30,29.09,30,29.09,30,461464.3
2012-12-03,30,30,30,30,43056.2
2012-12-04,30,30,30,30,34339.8
2012-12-05,30,30,30,30,248965.2
2012-12-06,30,30,30,30,166419
2012-12-07,30,30,30,30,271024.6
2012-12-10,30,30,30,30,60924.6
2012-12-11,30,30,30,30,17560.4
2012-12-12,30,30,30,30,7810
2012-12-13,30,30,30,30,47850
2012-12-14,30,30,30,30,27396.6
2012-12-17,30,30,30,30,65528.1
2012-12-18,30,30,30,30,27192
2012-12-19,30,30,30,30,654.5
2012-12-20,30,30,30,30,59650.8
2012-12-21,30,30,30,30,30547
2012-12-24,30,30,30,30,2706
2012-12-27,30,30,30,30,55330
2012-12-28,30,30,30,30,51045.5
2012-12-31,31.5,31.5,31.5,31.5,101065.8
2013-01-02,31.5,31.5,31.5,31.5,39985
2013-01-03,31.5,31.5,31.5,31.5,33585.2
2013-01-04,30.44,30.44,30.44,30.44,76249.8
2013-01-07,30.5,30.5,30.5,30.5,195690
2013-01-08,30.5,30.5,30.5,30.5,81408.8
2013-01-09,30.5,30.5,30.5,30.5,83693.5
2013-01-10,30.92,30.92,30.92,30.92,167605.9
2013-01-11,30.92,30.92,30.92,30.92,14382.5
2013-01-14,30.92,30.92,30.92,30.92,154933.9
2013-01-15,32.27,32.27,31.95,32,802551.2
2013-01-16,32,32,32,32,102050.3
2013-01-17,35.2,35.2,35.2,35.2,379220.6
2013-01-18,35.2,35.2,35.2,35.2,25555.2
2013-01-21,35.2,35.2,35.2,35.2,5992.8
2013-01-22,38.72,38.72,38.72,38.72,181506.6
2013-01-23,42.58,42.58,42.58,42.58,94916.8
2013-01-25,46.84,46.84,46.84,46.84,267976.5
2013-01-28,51.52,51.52,51.52,51.52,968193.6
2013-01-29,56.66,56.66,55,55,1030014.7
2013-01-30,56.37,60.45,56.36,60.45,1171299.8
2013-01-31,60.45,60.45,60.45,60.45,321785.2
2013-02-01,60,60,60,60,1222006.5
2013-02-04,60,60,60,60,106342.5
2013-02-05,60,60,60,60,774114
2013-02-06,60,60,60,60,96012.4
2013-02-07,60.91,60.91,60.91,60.91,196716.3
2013-02-08,60.91,60.91,60.91,60.91,95009.2
2013-02-11,60,60,60,60,622508.7
2013-02-12,60.91,60.91,60.91,60.91,572324.5
2013-02-13,60.91,60.91,60.91,60.91,101005.3
2013-02-14,60,60.36,60,60.36,353161.6
2013-02-15,60,60,60,60,308804.1
2013-02-18,55.45,55.45,55.45,55.45,94367.9
2013-02-19,50.27,54.54,50,54.54,654270.1
2013-02-20,49.09,49.09,49.09,49.09,101807.2
2013-02-21,49.09,49.09,49.09,49.09,98986.8
2013-02-22,49.09,49.09,49.09,49.09,131312.5
2013-02-25,49.09,49.09,49.09,49.09,82018.2
2013-02-26,49.09,49.09,49.09,49.09,184250
2013-02-27,49.09,49.09,49.09,49.09,49370.2
2013-02-28,49.09,49.09,49.09,49.09,64458.9
2013-03-01,49.09,49.09,49.09,49.09,66370.7
2013-03-04,49.09,49.09,49.09,49.09,16079.8
2013-03-05,49.09,49.09,49.09,49.09,75898.9
2013-03-06,49.09,49.09,49.09,49.09,37948.9
2013-03-07,49.09,49.09,49.09,49.09,11497.2
2013-03-08,49.09,49.09,49.09,49.09,76602.9
2013-03-11,49.09,49.09,49.09,49.09,67540
2013-03-12,49.08,49.08,49.08,49.08,133265
2013-03-13,49.08,49.08,49.08,49.08,156680.7
2013-03-14,49.08,49.08,49.08,49.08,34441
2013-03-15,49.09,49.09,47.27,48.18,2311441
2013-03-18,48.18,48.18,48.18,48.18,37228.4
2013-03-19,48.18,48.18,48.18,48.18,22451
2013-03-20,48.18,48.18,48.18,48.18,25216.4
2013-03-21,48.18,48.18,48.18,48.18,256503.5
2013-03-22,48.18,48.18,48.18,48.18,102097.6
2013-03-25,48.18,48.18,48.18,48.18,83677
2013-03-26,48.18,48.18,48.18,48.18,99939.4
2013-03-27,48.18,48.18,48.18,48.18,304462.4
2013-03-28,48.18,48.18,48.18,48.18,378133.8
2013-04-02,48.18,48.18,46.36,46.36,2406911.1
2013-04-03,46.64,47.25,46.36,46.36,1361525
2013-04-04,47.09,47.09,47.09,47.09,293592.2
2013-04-05,47.28,47.28,46.45,46.45,433403.3
2013-04-08,49,50,47.74,48,1572560
2013-04-09,46.96,47,46.36,46.36,725485.2
2013-04-10,46.36,46.36,46.36,46.36,54804.2
2013-04-11,44.24,49.54,44.24,49.54,414145.6
2013-04-12,49.54,49.54,49.54,49.54,39222.7
2013-04-15,49,49.45,49,49.45,491184.1
2013-04-16,47.73,49.01,47.73,49.01,447865
2013-04-17,47.18,47.18,47.18,47.18,512893.7
2013-04-18,47.18,47.18,47.18,47.18,188952.5
2013-04-19,48.17,48.17,48.17,48.17,77521.4
2013-04-22,48.17,48.17,48.17,48.17,183955.2
2013-04-23,48.17,48.17,48.17,48.17,3110.8
2013-04-24,48.18,48.18,48.18,48.18,606954.7
2013-04-25,48.18,48.18,48.18,48.18,105383.3
2013-04-26,48.18,48.18,48.18,48.18,16464.8
2013-04-29,48.18,48.18,48.18,48.18,103704.7
2013-04-30,48.18,48.18,48.18,48.18,318890
2013-05-02,48.18,48.18,48.18,48.18,689245.7
2013-05-03,48.18,48.18,48.18,48.18,95169.8
2013-05-06,48.18,48.18,48.18,48.18,148776.1
2013-05-07,47.27,47.27,47.27,47.27,1027614.5
2013-05-08,47.27,47.27,47.27,47.27,810238
2013-05-09,45.85,46.82,45.85,46.82,725128.8
2013-05-10,46.82,46.82,46.82,46.82,37705.8
2013-05-13,46.82,46.82,46.82,46.82,60579.2
2013-05-14,46.82,46.82,46.82,46.82,63996.9
2013-05-15,47.27,48.72,47.27,48.72,3097373.4
2013-05-16,49.09,49.55,49.09,49.55,734096
2013-05-17,52.95,52.95,52.95,52.95,324102.9
2013-05-20,52.55,53.35,52.55,53.35,762701.5
2013-05-21,50.91,50.91,50.91,50.91,2038883
2013-05-22,50,50,50,50,236016
2013-05-23,50.92,50.92,50.8,50.8,1125850
2013-05-24,50,50.92,50,50.92,281568.1
2013-05-27,50.92,50.92,50,50,774384.6
2013-05-28,50.91,51.14,50.91,51.14,252967
2013-05-30,51.14,51.14,51.14,51.14,86878
2013-05-31,51.14,51.14,51.14,51.14,258632
2013-06-03,48.86,48.86,48.86,48.86,198523.6
2013-06-04,49.74,50.85,49.74,50.85,457979.5
2013-06-05,50.85,50.85,50.85,50.85,48865.3
2013-06-06,50.5,50.5,50.5,50.5,340145.3
2013-06-07,50.91,50.91,50.91,50.91,477136
2013-06-10,54.99,55,54.99,55,229832.9
2013-06-11,55,55,55,55,322682.8
2013-06-12,55,55,55,55,251328
2013-06-13,55,55,55,55,193054.4
2013-06-14,55,55,55,55,215073.1
2013-06-17,55,55,55,55,37969.8
2013-06-18,55.36,55.36,55.36,55.36,2390293.4
2013-06-19,55.36,55.36,55.36,55.36,40243.5
2013-06-20,55.36,55.36,55.36,55.36,63828.6
2013-06-21,55.36,55.36,55.36,55.36,66495
2013-06-24,55.36,55.36,55.36,55.36,35824.8
2013-06-25,55.36,55.36,55.36,55.36,278962.2
2013-06-26,55.36,55.36,55.36,55.36,17743
2013-06-27,54.55,60.9,54.55,60.9,1817813.8
2013-06-28,60.45,60.45,60.45,60.45,129829.7
2013-07-01,60.45,60.45,60.45,60.45,143343.2
2013-07-02,60.45,60.45,60.45,60.45,530411.2
2013-07-03,60.45,60.45,60.45,60.45,59456.1
2013-07-04,59.09,59.09,59.09,59.09,201810.4
2013-07-05,59.09,59.09,59.09,59.09,100474
2013-07-08,59.09,59.09,59.09,59.09,228231.3
2013-07-09,60,60,60,60,74651.5
2013-07-10,60.45,60.45,60.45,60.45,230258.6
2013-07-11,63.65,63.65,63.65,63.65,113080
2013-07-12,63.65,63.65,63.65,63.65,118208.2
2013-07-15,65.09,68.08,65.09,68.08,460097
2013-07-16,71.82,72.53,71.82,72.53,631435.2
2013-07-17,73.64,73.64,73.64,73.64,369545
2013-07-18,75.45,76.14,75.45,76.14,383678.9
2013-07-19,76.14,76.14,76.14,76.14,492277.5
2013-07-22,76.14,76.14,76.14,76.14,81381.3
2013-07-23,76.14,76.14,76.14,76.14,393323.7
2013-07-24,76.14,76.14,76.14,76.14,31592
2013-07-25,76.14,76.14,76.14,76.14,322532.1
2013-07-26,76.14,76.14,70.91,72.72,1052212.7
2013-07-29,72.72,72.72,72.72,72.72,165499.4
2013-07-30,72.72,72.72,72.72,72.72,340476.4
2013-07-31,72.72,72.72,72.72,72.72,153424.7
2013-08-01,76.08,76.08,76.08,76.08,230793.2
2013-08-02,76.08,76.08,76.08,76.08,260266.6
2013-08-05,69.09,72.73,69.09,72.73,648263
2013-08-06,65.45,65.45,65.45,65.45,1362389.6
2013-08-07,70.36,70.36,70.36,70.36,323114
2013-08-12,70.36,70.36,70.36,70.36,81087.6
2013-08-13,70.36,70.36,70.36,70.36,178222
2013-08-14,63.64,68.17,63.64,66.22,2028673.9
2013-08-15,66.36,66.36,66.36,66.36,272151
2013-08-16,64.55,64.55,64.55,64.55,91551.9
2013-08-19,64.55,64.55,64.55,64.55,236161.2
2013-08-20,64.55,64.55,64.55,64.55,110110
2013-08-21,64.55,64.55,64.55,64.55,83942.1
2013-08-22,64.55,64.55,64.55,64.55,149009.3
2013-08-23,64.55,64.55,64.55,64.55,89540
2013-08-26,64.55,64.55,64.55,64.55,75406.1
2013-08-27,65.39,65.39,65.39,65.39,403158.8
2013-08-28,65.39,65.39,65.39,65.39,56185.8
2013-08-29,67.92,67.92,67.92,67.92,193022.5
2013-08-30,67.92,67.92,67.92,67.92,46458.5
2013-09-02,67.92,67.92,67.92,67.92,273934.1
2013-09-03,67.92,67.92,67.92,67.92,153631.5
2013-09-04,67.92,67.92,67.92,67.92,349679
2013-09-05,65,65,65,65,239107
2013-09-06,67.91,67.91,67.91,67.91,118478.8
2013-09-09,67.91,67.91,67.91,67.91,86515
2013-09-10,64.52,67.27,64.52,67.27,873409.9
2013-09-11,67.27,67.27,67.27,67.27,73197.3
2013-09-12,69.95,69.95,69.95,69.95,243815
2013-09-13,69.95,69.95,69.95,69.95,12320
2013-09-16,69.95,69.95,69.95,69.95,142934
2013-09-17,69.95,69.95,69.95,69.95,156770.9
2013-09-18,69.95,69.95,69.95,69.95,47526.6
2013-09-19,69.95,69.95,69.95,69.95,12227.6
2013-09-20,69.95,69.95,69.95,69.95,109945
2013-09-23,69.95,69.95,69.95,69.95,5931.2
2013-09-24,64.55,69.99,64.55,69.99,711626.3
2013-09-25,69.99,69.99,69.99,69.99,339196
2013-09-26,69.99,69.99,69.99,69.99,998494.2
2013-09-27,69.99,69.99,69.99,69.99,18920
2013-09-30,69.99,69.99,69.99,69.99,22253
2013-10-02,69.99,69.99,69.99,69.99,43560
2013-10-03,69.99,69.99,69.99,69.99,31867
2013-10-04,69.72,71.36,69.72,71.36,1300349.6
2013-10-07,70.77,70.77,70.77,70.77,326067.5
2013-10-08,70.77,70.77,70.77,70.77,84235.8
2013-10-09,70.77,70.77,70.77,70.77,132440
2013-10-10,70,70,70,70,194760.5
2013-10-11,70,70,70,70,71541.8
2013-10-14,70,70,70,70,2255
2013-10-16,70,70,70,70,0
2013-10-17,70,70,70,70,33083.6
2013-10-18,70,70,70,70,11268.4
2013-10-21,70,70,70,70,51964
2013-10-22,70,70,70,70,41729.6
2013-10-23,69.05,70,69.05,70,253778.8
2013-10-24,70,70,70,70,9915.4
2013-10-28,70,70,70,70,149789.2
2013-10-29,70,70,70,70,27920.2
2013-10-30,68.18,68.18,68.18,68.18,61600
2013-10-31,68.18,68.18,68.18,68.18,61462.5
2013-11-01,68.18,68.18,68.18,68.18,21557.8
2013-11-04,68.18,68.18,68.18,68.18,2415.6
2013-11-05,68.18,68.18,68.18,68.18,24603.7
2013-11-06,68.18,68.18,68.18,68.18,2678.5
2013-11-07,68.18,68.18,68.18,68.18,27038
2013-11-08,68.18,68.18,68.18,68.18,32259.7
2013-11-11,65.15,65.15,65.15,65.15,127380
2013-11-12,65.15,65.15,65.15,65.15,139088.4
2013-11-13,65.15,65.15,65.15,65.15,161751.7
2013-11-14,62.73,65.15,62.73,65.15,158776.2
2013-11-15,65.15,65.15,65.15,65.15,15766.3
2013-11-18,65.15,65.15,65.15,65.15,87047.4
2013-11-19,63.65,63.65,63.65,63.65,265313.4
2013-11-20,63.65,63.65,63.65,63.65,306044.2
2013-11-21,63.65,63.65,63.65,63.65,180204.2
2013-11-22,63.65,63.65,63.65,63.65,26732.2
2013-11-25,63.64,63.64,63.64,63.64,305586.6
2013-11-26,63.64,63.64,63.64,63.64,3400.1
2013-11-27,66.28,63.65,63.65,63.65,295803.2
2013-11-28,63.64,63.65,63.64,63.65,1429710.7
2013-11-29,62.73,62.73,62.73,62.73,85933357.4
2013-12-02,62.73,62.73,62.73,62.73,126024.8
2013-12-03,62.73,62.73,62.73,62.73,121685.3
2013-12-04,62.73,62.73,62.73,62.73,23595
2013-12-05,62.73,62.73,62.73,62.73,46623.5
2013-12-06,62.73,62.73,62.73,62.73,41855
2013-12-09,62.73,62.73,62.73,62.73,74556.9
2013-12-10,62.73,62.73,62.73,62.73,152424.8
2013-12-11,62.73,62.73,62.73,62.73,158736.6
2013-12-12,62.73,62.73,62.73,62.73,116475.7
2013-12-13,62.73,62.73,62.73,62.73,188974.5
2013-12-16,62.73,62.73,62.73,62.73,49413.1
2013-12-17,62.73,62.73,62.73,62.73,10252
2013-12-18,62.73,62.73,62.73,62.73,65703
2013-12-19,62.73,62.73,62.73,62.73,18425
2013-12-20,62.73,62.73,62.73,62.73,95983.8
2013-12-23,62.73,62.73,62.73,62.73,194047.7
2013-12-24,62.73,62.73,62.73,62.73,8615.2
2013-12-27,62.73,62.73,62.73,62.73,122434.4
2013-12-30,65.72,65.72,65.72,65.72,195144.4
2013-12-31,65.72,65.72,65.72,65.72,56970.1
2014-01-02,65.72,65.72,65.72,65.72,32809.7
2014-01-03,65.72,65.72,65.72,65.72,76963.7
2014-01-06,65.72,65.72,65.72,65.72,18955.2
2014-01-07,65.72,65.72,65.72,65.72,73481.1
2014-01-08,65.72,65.72,65.72,65.72,3920.4
2014-01-09,65.72,65.72,65.72,65.72,15362.6
2014-01-10,65.72,65.72,65.72,65.72,25570.6
2014-01-13,65.72,65.72,65.72,65.72,29384.3
2014-01-15,62.44,62.44,62.44,62.44,277403.5
2014-01-16,64.54,61.36,61.36,61.36,155177
2014-01-17,59.18,59.18,59.18,59.18,359950.8
2014-01-20,59.18,59.18,59.18,59.18,150803.4
2014-01-21,59.18,59.18,59.18,59.18,2487.1
2014-01-22,62.14,63.64,63.64,63.64,311212
2014-01-23,63.64,63.64,63.64,63.64,67950.3
2014-01-24,62.73,62.73,62.73,62.73,170073.2
2014-01-27,62.73,62.73,62.73,62.73,48363.7
2014-01-28,62.73,62.73,62.73,62.73,75782.3
2014-01-29,62.73,62.73,62.73,62.73,79860
2014-01-30,62.73,62.73,62.73,62.73,89070.3
2014-01-31,62.73,62.73,62.73,62.73,41318.2
2014-02-03,64.55,64.55,64.55,64.55,323015
2014-02-04,64.55,64.55,64.55,64.55,42497.4
2014-02-05,64.09,64.55,64.09,64.55,1146366.1
2014-02-06,64.55,64.55,64.55,64.55,47619
2014-02-07,64.55,64.55,64.55,64.55,181769.5
2014-02-10,67.32,67.32,67.32,67.32,73150
2014-02-11,67.32,67.32,67.32,67.32,22667.7
2014-02-12,67.32,67.32,67.32,67.32,64045.3
2014-02-13,68.18,68.18,68.18,68.18,211780.8
2014-02-14,68.18,68.18,68.18,68.18,5335
2014-02-17,64.77,68.18,64.77,68.18,157905
2014-02-18,68.18,68.18,68.18,68.18,46180.2
2014-02-19,68.18,68.18,68.18,68.18,27223.9
2014-02-20,68.18,68.18,68.18,68.18,60511
2014-02-21,68.18,68.18,68.18,68.18,22275
2014-02-24,68.18,68.18,68.18,68.18,40717.6
2014-02-25,68.18,68.18,68.18,68.18,59317.5
2014-02-26,68.18,68.18,68.18,68.18,209491.7
2014-02-27,68.18,68.18,68.18,68.18,121781
2014-02-28,68.18,68.18,68.18,68.18,20993.5
2014-03-03,68.18,68.18,68.18,68.18,8360
2014-03-04,68.18,68.18,68.18,68.18,5280
2014-03-05,68.18,68.18,68.18,68.18,20075
2014-03-06,68.18,68.18,68.18,68.18,20364.3
2014-03-07,68.18,68.18,68.18,68.18,25714.7
2014-03-10,68.18,68.18,68.18,68.18,26507.8
2014-03-11,68.18,68.18,68.18,68.18,58636.6
2014-03-12,68.18,68.18,68.18,68.18,8305
2014-03-13,68.18,68.18,68.18,68.18,48.4
2014-03-14,68.18,68.18,68.18,68.18,8020.1
2014-03-17,68.18,68.18,68.18,68.18,2695
2014-03-18,68.18,68.18,68.18,68.18,33972.4
2014-03-19,68.18,68.18,68.18,68.18,0
2014-03-20,68.18,68.18,68.18,68.18,6064.3
2014-03-21,68.18,68.18,68.18,68.18,10046.3
2014-03-24,64.77,64.77,64.77,64.77,389339.5
2014-03-25,64.77,64.77,64.77,64.77,6600
2014-03-26,64.77,64.77,64.77,64.77,63586.6
2014-03-27,64.77,64.77,64.77,64.77,1872.2
2014-03-28,64.77,64.77,64.77,64.77,44
2014-03-31,64.77,64.77,64.77,64.77,1815
2014-04-01,64.77,64.77,64.77,64.77,115561.6
2014-04-02,64.41,64.41,64.41,64.41,279972
2014-04-03,64.41,64.41,64.41,64.41,34438.8
2014-04-04,64.41,64.41,64.41,64.41,54826.2
2014-04-07,64.41,64.41,64.41,64.41,54450
2014-04-08,64.41,64.41,64.41,64.41,28523
2014-04-09,62.27,62.27,62.27,62.27,285827.3
2014-04-10,62.27,62.27,62.27,62.27,76967
2014-04-11,63.55,63.55,63.55,63.55,160965.2
2014-04-14,63.55,63.55,63.55,63.55,28548.3
2014-04-15,63.55,63.55,63.55,63.55,62826.5
2014-04-16,63.55,63.55,63.55,63.55,6507.6
2014-04-17,63.55,63.55,63.55,63.55,5748.6
2014-04-22,63.55,63.55,63.55,63.55,105752.9
2014-04-23,63.55,63.55,63.55,63.55,17386.6
2014-04-24,63.55,63.55,63.55,63.55,68398
2014-04-25,63.55,63.55,63.55,63.55,53938.5
2014-04-28,60.49,62.63,60.45,62.63,1590674.8
2014-04-29,62.63,62.63,62.63,62.63,44729.3
2014-04-30,64.45,64.45,64.45,64.45,767078.4
2014-05-02,63.11,63.11,63.11,63.11,430100
2014-05-05,62.85,63.09,63.08,63.09,282045.5
2014-05-06,63.09,63.09,63.09,63.09,90388.1
2014-05-07,62.73,62.27,62.27,62.27,255563
2014-05-08,62.27,62.27,62.27,62.27,167498.1
2014-05-09,62.27,62.27,62.27,62.27,133552.1
2014-05-12,65.37,65.37,65.37,65.37,176000
2014-05-13,65.45,65.45,65.45,65.45,263684.3
2014-05-14,65.45,65.45,65.45,65.45,80147.1
2014-05-15,65.45,65.45,65.45,65.45,176499.4
2014-05-16,65.45,65.45,65.45,65.45,48416.5
2014-05-19,65.45,65.45,65.45,65.45,126429.6
2014-05-20,65.45,65.45,65.45,65.45,53124.5
2014-05-21,65.45,65.45,65.45,65.45,142352.1
2014-05-22,65.45,65.45,65.45,65.45,29284.2
2014-05-23,65.45,65.45,65.45,65.45,162647.1
2014-05-26,68.63,68.63,68.63,68.63,266578.4
2014-05-27,68.63,68.63,68.63,68.63,194664.8
2014-05-28,68.16,68.63,68.16,68.63,110913
2014-05-30,68.63,68.63,68.63,68.63,111886.5
2014-06-02,66.76,66.76,66.76,66.76,199174
2014-06-03,66.52,66.52,66.52,66.52,169895
2014-06-04,66.52,66.52,66.52,66.52,159919
2014-06-05,67.5,67.5,67.5,67.5,110845
2014-06-06,67.5,67.5,67.5,67.5,66913
2014-06-09,70.87,70.87,70.87,70.87,205760
2014-06-10,70.87,70.87,70.87,70.87,94680
2014-06-11,70.87,70.87,70.87,70.87,24773
2014-06-12,70.87,70.87,70.87,70.87,28125
2014-06-13,70.87,70.87,70.87,70.87,33557
2014-06-16,70.87,70.87,70.87,70.87,98105
2014-06-17,70.87,70.87,70.87,70.87,45845
2014-06-18,70.87,70.87,70.87,70.87,7999
2014-06-19,70.87,70.87,70.87,70.87,61700
2014-06-20,72.99,69.35,69.35,69.35,208861
2014-06-23,72.81,76.45,76.45,76.45,488744
2014-06-24,76.45,76.45,76.45,76.45,114120
2014-06-25,76.45,76.45,76.45,76.45,58847
2014-06-26,76.45,76.45,76.45,76.45,45470
2014-06-27,76.45,76.45,76.45,76.45,65220
2014-06-30,76.45,76.45,76.45,76.45,35095
2014-07-01,76.45,76.45,76.45,76.45,67111
2014-07-02,72.63,69,69,69,299709
2014-07-03,65.61,69,65.61,69,177038
2014-07-04,65.8,69,65.8,69,477916
2014-07-07,69,69,69,69,91382
2014-07-08,68.05,68.05,68.05,68.05,367620
2014-07-09,68.05,68.05,68.05,68.05,63069
2014-07-10,68.05,68.05,68.05,68.05,60007
2014-07-11,68.05,68.05,68.05,68.05,45822
2014-07-14,66.15,67,63,66.01,2374448
2014-07-15,67,67,66.8,67,899987
2014-07-16,67,64.28,64.28,64.28,392858
2014-07-17,65,65,65,65,517910
2014-07-18,65.98,63,63,63,155720
2014-07-21,65.9,65.9,63,63,136958
2014-07-22,63,63,63,63,137546
2014-07-23,64.5,64.5,63,63,84935
2014-07-25,63,63,63,63,125866
2014-07-30,63,63,63,63,62664
2014-07-31,65.98,65.98,63,63,91676
2014-08-01,63,63,63,63,54041
2014-08-04,63,63,63,63,26656
2014-08-05,63,63,63,63,34285
2014-08-06,65,65,65,65,133739
2014-08-07,66.95,66.95,65,65,8813
2014-08-08,65,65,65,65,27437
2014-08-11,65,65,65,65,19416
2014-08-12,65,65,65,65,44024
2014-08-13,65,65,65,65,189179
2014-08-14,65,65,65,65,18643
2014-08-15,65,65,65,65,88774
2014-08-18,65,65,65,65,245140
2014-08-19,65,65,65,65,174643
2014-08-20,65,65,65,65,132656
2014-08-21,65,65,65,65,131400
2014-08-22,65,65,65,65,31350
2014-08-25,65,65,65,65,32170
2014-08-26,65,65,65,65,15550
2014-08-27,65,65,65,65,19431
2014-08-28,65,65,65,65,3928
2014-08-29,65,65,65,65,125269
2014-09-01,65,65,65,65,15066
2014-09-02,65,65,65,65,20154
2014-09-03,65,65,65,65,16062
2014-09-04,62.61,65,65,65,1024266
2014-09-05,65,65,65,65,19792
2014-09-08,65,65,65,65,345653
2014-09-09,63.99,63.99,63.99,63.99,219700
2014-09-10,63.99,63.99,63.99,63.99,27393
2014-09-11,63.99,63.99,63.99,63.99,39554
2014-09-12,63.01,63.99,63.01,63.99,42102
2014-09-15,63.99,63.99,63.99,63.99,27354
2014-09-16,63.99,63.99,63.99,63.99,56627
2014-09-17,62,64,62,64,371048
2014-09-18,64,64,64,64,47718
2014-09-19,64,64,64,64,343700
2014-09-22,67.2,67.2,67.2,67.2,222883
2014-09-23,67.2,67.2,67.2,67.2,391654
2014-09-24,67.2,67.2,67.2,67.2,22629
2014-09-25,65.99,67.2,65.99,67.2,5850
2014-09-26,67.2,67.2,67.2,67.2,42067
2014-09-29,67.2,67.2,67.2,67.2,3484
2014-09-30,67.2,67.2,67.2,67.2,2974
2014-10-02,67.2,67.2,67.2,67.2,50
2014-10-03,67.2,67.2,67.2,67.2,9301
2014-10-08,67.2,67.2,67.2,67.2,2980
2014-10-09,67.2,67.2,67.2,67.2,15112
2014-10-10,63.84,67.2,63.84,67.2,34294
2014-10-13,67.2,67.2,67.2,67.2,300
2014-10-14,67.2,67.2,67.2,67.2,23500
2014-10-15,67.2,67.2,67.2,67.2,152
2014-10-16,67.2,67.2,67.2,67.2,0
2014-10-17,67.2,67.2,67.2,67.2,4000
2014-10-20,67.2,67.2,67.2,67.2,23176
2014-10-21,67.2,67.2,67.2,67.2,15482
2014-10-22,63.84,67.2,63.84,67.2,96725
2014-10-23,67.2,67.2,67.2,67.2,0
2014-10-24,63.84,67.2,63.84,67.2,86183
2014-10-27,63.84,67.2,63.84,67.2,12524
2014-10-28,67.2,67.2,67.2,67.2,866
2014-10-29,67.2,67.2,67.2,67.2,11620
2014-10-30,67.2,67.2,67.2,67.2,250
2014-10-31,67.2,67.2,67.2,67.2,100
2014-11-03,67.2,67.2,67.2,67.2,0
2014-11-04,67.2,67.2,67.2,67.2,41500
2014-11-05,67.2,67.2,67.2,67.2,2000
2014-11-06,67.2,67.2,67.2,67.2,5000
2014-11-07,67.2,67.2,67.2,67.2,11550
2014-11-10,67.2,67.2,67.2,67.2,2168
2014-11-11,67.2,67.2,67.2,67.2,1000
2014-11-12,67.2,67.2,67.2,67.2,19590
2014-11-13,67.2,67.2,67.2,67.2,11523
2014-11-14,67.2,67.2,67.2,67.2,100
2014-11-17,67.2,67.2,67.2,67.2,0
2014-11-18,67.2,67.2,67.2,67.2,600
2014-11-19,63.84,63.84,63.84,63.84,252100
2014-11-20,60.65,60.66,60.65,60.66,537858
2014-11-21,60.66,60.66,60.66,60.66,113299
2014-11-24,60.66,60.66,60.66,60.66,115484
2014-11-25,60.66,60.66,60.66,60.66,51726
2014-11-26,57.63,60.66,57.63,60.66,113745
2014-11-27,60.66,60.66,60.66,60.66,95168
2014-11-28,60.66,60.66,60.66,60.66,58850
2014-12-01,60.66,60.66,60.66,60.66,12173
2014-12-02,60.66,60.66,60.66,60.66,750
2014-12-03,60.66,60.66,60.66,60.66,97278
2014-12-04,60.66,60.66,60.66,60.66,72070
2014-12-05,58.93,60.66,58.93,60.66,20450
2014-12-08,60.66,60.66,60.66,60.66,12218
2014-12-09,60.66,60.66,60.66,60.66,45618
2014-12-10,57.63,60.66,57.63,60.66,13450
2014-12-11,60.66,60.66,60.66,60.66,2050
2014-12-12,60.66,60.66,60.66,60.66,85
2014-12-15,60.66,60.66,60.66,60.66,25010
2014-12-16,60.66,60.66,60.66,60.66,710
2014-12-17,60.66,60.66,60.66,60.66,8273
2014-12-18,60.66,60.66,60.66,60.66,16
2014-12-19,60.66,60.66,60.66,60.66,2753
2014-12-22,60.66,60.66,60.66,60.66,4335
2014-12-23,60.66,60.66,60.66,60.66,6917
2014-12-24,60.66,60.66,60.66,60.66,5000
2014-12-29,60.66,60.66,60.66,60.66,15000
2014-12-30,60.66,60.66,60.66,60.66,38350
2014-12-31,60.66,60.66,60.66,60.66,1425
2015-01-05,57.63,57.63,57.63,57.63,173649
2015-01-06,54.75,54.75,54.75,54.75,200763
2015-01-07,54.75,54.75,54.75,54.75,2989
2015-01-08,52.02,54.75,52.02,54.75,41778
2015-01-09,52.02,52.02,52.02,52.02,799749
2015-01-12,49.42,49.43,46.95,46.95,1406684
2015-01-13,49.29,49.29,46.95,46.95,44435
2015-01-14,46.83,44.49,44.49,44.49,385178
2015-01-15,44.49,44.49,44.49,44.49,35652
2015-01-16,44.49,44.49,44.49,44.49,36053
2015-01-19,44.49,44.49,44.49,44.49,110735
2015-01-20,44.49,44.49,44.49,44.49,28805
2015-01-21,44.49,44.49,44.49,44.49,48115
2015-01-22,44.49,44.49,44.49,44.49,53370
2015-01-23,44.49,44.89,44.89,44.89,609125
2015-01-26,44.89,44.89,44.89,44.89,60005
2015-01-27,44.89,44.89,44.89,44.89,190559
2015-01-28,44.89,44.89,44.89,44.89,116643
2015-01-29,44.89,44.89,44.89,44.89,6610
2015-01-30,44.89,44.89,44.89,44.89,12500
2015-02-02,44.89,44.89,44.89,44.89,17465
2015-02-03,44.89,44.89,44.89,44.89,83624
2015-02-04,44.89,44.89,44.89,44.89,88353
2015-02-05,44.89,44.89,44.89,44.89,60929
2015-02-06,42.65,42.65,42.65,42.65,151676
2015-02-09,42.65,42.65,42.65,42.65,125651
2015-02-10,42.65,42.65,42.65,42.65,140540
2015-02-11,44.4,44.4,44.4,44.4,2017123
2015-02-12,44.4,44.4,44.4,44.4,23577
2015-02-13,44.4,44.4,44.4,44.4,125080
2015-02-16,42.18,44.4,42.18,44.4,25422
2015-02-17,42.18,42.18,42.18,42.18,75039
2015-02-18,40.11,40.11,40.11,40.11,186828
2015-02-19,40.08,38.08,38.08,38.08,126725
2015-02-20,39.98,39.98,38.08,38.08,207843
2015-02-23,39.98,39.98,38.08,38.08,115772
2015-02-24,39.98,39.98,39.98,39.98,118900
2015-02-25,41.97,44,44,44,239247
2015-02-26,44,44,44,44,41495
2015-02-27,46.2,46.2,44,44,37188
2015-03-02,44,44,44,44,26777
2015-03-03,46,46.2,45.5,46.2,510622
2015-03-04,48.51,46.09,46.09,46.09,221432
2015-03-05,43.79,45.97,41.61,41.61,577203
2015-03-06,41.4,42.99,40,42.99,27002818
2015-03-09,45,44.06,44,44,211961
2015-03-10,44,44,44,44,141247
2015-03-11,44,44,44,44,242775
2015-03-12,46,46,44,44,68206
2015-03-13,44,44,44,44,269765
2015-03-16,44,44,44,44,7541
2015-03-17,44,44,44,44,56882
2015-03-18,41.81,41.81,41.81,41.81,108099
2015-03-19,41.81,41.81,41.81,41.81,63780
2015-03-20,41.81,41.81,41.81,41.81,47326
2015-03-23,41.81,41.81,41.81,41.81,21090
2015-03-24,43.9,43.9,41.81,41.81,52278
2015-03-25,41.81,41.81,41.81,41.81,127841
2015-03-26,41.81,41.81,41.81,41.81,62841
2015-03-27,41.81,41.81,41.81,41.81,17481
2015-03-30,43.75,43.75,43.75,43.75,119017
2015-03-31,43.75,43.75,43.75,43.75,91190
2015-04-01,45,47.25,47.25,47.25,1009998
2015-04-02,49.6,50.26,49.61,50.26,518258
2015-04-07,50.26,50.26,50.26,50.26,276408
2015-04-08,50,50.24,50,50.24,883056
2015-04-09,50.24,50.24,50.24,50.24,46968
2015-04-10,50,51,50,51,535272
2015-04-13,53.54,53.54,51,51,25235
2015-04-14,51,51,51,51,136678
2015-04-15,51.5,52,52,52,215915
2015-04-16,53.55,51.51,51.51,51.51,114831
2015-04-17,51.51,51.51,51.51,51.51,103796
2015-04-20,51.57,51.57,51.57,51.57,163988
2015-04-21,51.57,51.57,51.57,51.57,49218
2015-04-22,54,51.7,51.65,51.7,254218
2015-04-23,54.27,54.27,51.7,51.7,62765
2015-04-24,51.7,51.7,51.7,51.7,49675
2015-04-27,51.7,51.7,51.7,51.7,35587
2015-04-28,51.7,51.7,51.7,51.7,40111
2015-04-29,51.7,51.7,51.7,51.7,66673
2015-04-30,50.01,51.7,50.01,51.7,175888
2015-05-04,51.7,51.7,51.7,51.7,92856
2015-05-05,51.7,51.7,51.7,51.7,51732
2015-05-06,51.7,51.7,51.7,51.7,288615
2015-05-07,51.7,51.7,51.7,51.7,47850
2015-05-08,51.7,51.7,51.7,51.7,42250
2015-05-11,51.7,51.7,51.7,51.7,13742
2015-05-12,51.7,51.7,51.7,51.7,15176
2015-05-13,51.7,51.7,51.7,51.7,32702
2015-05-14,51.7,51.7,51.7,51.7,20817
2015-05-15,51.7,51.7,51.7,51.7,65462
2015-05-18,51.7,51.7,51.7,51.7,49653
2015-05-19,51.7,51.7,51.7,51.7,46705
2015-05-20,51.7,51.7,51.7,51.7,25388
2015-05-21,51.7,51.7,51.7,51.7,83542
2015-05-22,52,52,52,52,100355
2015-05-25,52,52,52,52,80832
2015-05-26,52.7,52.7,52.7,52.7,134418
2015-05-27,52.7,52.7,52.7,52.7,10870
2015-05-28,52.7,52.7,52.7,52.7,31730
2015-06-01,50,50,50,50,11018
2015-06-02,50,50,50,50,55494
2015-06-03,50,50,50,50,118971
2015-06-04,52.5,52.5,52.5,52.5,118018
2015-06-05,52.5,52.5,52.5,52.5,129270
2015-06-08,52.5,52.5,52.5,52.5,12270
2015-06-09,52.11,52.5,52.11,52.5,45646
2015-06-10,52.5,52.5,52.5,52.5,41500
2015-06-11,52.39,52.39,52.39,52.39,91930
2015-06-12,52.39,52.39,52.39,52.39,93644
2015-06-15,52.39,52.39,52.39,52.39,50813
2015-06-16,52.39,52.39,52.39,52.39,15800
2015-06-17,52.39,52.39,52.39,52.39,21123
2015-06-18,52.39,52.39,52.39,52.39,86828
2015-06-19,52.39,52.39,52.39,52.39,17550
2015-06-22,52.39,52.39,52.39,52.39,48063
2015-06-23,52.39,52.39,52.39,52.39,110196
2015-06-24,51.7,51.7,49.78,49.78,46325000
2015-06-25,49.78,49.78,49.78,49.78,175730
2015-06-26,51.7,51.7,48.5,48.5,136232239
2015-06-29,50.92,50.92,48.5,48.5,87519
2015-06-30,50.92,50.92,48.5,48.5,27612
2015-07-01,48.5,48.5,48.5,48.5,121500
2015-07-02,48.5,48.5,48.5,48.5,6877
2015-07-03,49.98,49.98,48.5,48.5,14100
2015-07-06,48.5,48.5,48.5,48.5,87106
2015-07-07,48.5,48.5,48.5,48.5,48473
2015-07-08,0,0,0,48.5,9317
2015-07-09,49.49,49.49,48.5,48.5,100
2015-07-10,47.97,47.97,47.97,47.97,116837
2015-07-13,47.97,47.97,47.97,47.97,1100
2015-07-14,47.97,47.97,47.97,47.97,1000
2015-07-15,47.97,47.97,47.97,47.97,2080
2015-07-16,47.97,47.97,47.97,47.97,0
2015-07-21,47.97,47.97,47.97,47.97,222
2015-07-22,47.97,47.97,47.97,47.97,2239
2015-07-23,47.97,47.97,47.97,47.97,2900
2015-07-24,47.97,47.97,47.97,47.97,24130
2015-07-27,47.97,47.97,47.97,47.97,5821
2015-07-28,47.97,47.97,47.97,47.97,0
2015-07-29,47.97,47.97,47.97,47.97,4
2015-07-30,47.97,47.97,47.97,47.97,2
2015-07-31,45.58,45.58,45.58,45.58,62250
2015-08-03,45.58,45.58,45.58,45.58,15380
2015-08-04,45.58,45.58,45.58,45.58,2120
2015-08-05,45.58,45.58,45.58,45.58,10250
2015-08-06,45.58,45.58,45.58,45.58,50000
2015-08-07,45.58,45.58,45.58,45.58,6018
2015-08-10,45.58,45.58,45.58,45.58,1000
2015-08-11,45.58,45.58,45.58,45.58,2630
2015-08-12,45.58,45.58,45.58,45.58,26000
2015-08-13,45.58,45.58,45.58,45.58,0
2015-08-14,43.31,43.31,43.31,43.31,516346
2015-08-17,43.31,43.31,43.31,43.31,136750
2015-08-18,43.31,43.31,43.31,43.31,32171
2015-08-19,43.31,43.31,43.31,43.31,13610
2015-08-20,43.31,43.31,43.31,43.31,126911
2015-08-21,43.31,43.31,43.31,43.31,293423
2015-08-24,43.31,43.31,43.31,43.31,101150
2015-08-25,41.15,41.15,41.15,41.15,241380
2015-08-26,41.15,41.15,41.15,41.15,844
2015-08-27,41.98,43,41.98,43,1411815
2015-08-28,43,43,43,43,33451
2015-08-31,42,42,42,42,149850
2015-09-01,41.15,42,41.09,42,591194
2015-09-02,42,42,42,42,297927
2015-09-03,42,42,42,42,59959
2015-09-04,42,42,42,42,142148
2015-09-07,42,42,42,42,108293
2015-09-08,43.5,43.5,43.5,43.5,94505
2015-09-09,42,42,42,42,193392
2015-09-10,42,42,42,42,42328
2015-09-11,42,42,42,42,3100
2015-09-14,42,42,42,42,8488
2015-09-15,42,42,42,42,15080
2015-09-16,42,42,42,42,15785
2015-09-17,41.5,44.08,41.5,44.08,161410
2015-09-18,44.08,44.08,44.08,44.08,63601
2015-09-21,44.08,44.08,44.08,44.08,1500
2015-09-22,44.08,44.08,44.08,44.08,41491
2015-09-23,44.08,44.08,44.08,44.08,500
2015-09-28,41.88,41.88,41.88,41.88,110518
2015-09-29,40,40,40,40,179144
2015-09-30,40,40,40,40,29315
2015-10-02,40,40,40,40,22299
2015-10-05,39.79,40,39.79,40,21235
2015-10-06,40,40,40,40,1088
2015-10-07,40,40,40,40,17318
2015-10-08,40,40,40,40,4725
2015-10-09,40,40,40,40,5783
2015-10-12,40,40,40,40,20600
2015-10-13,39.99,39.99,39.99,39.99,137860
2015-10-14,39.99,39.99,39.99,39.99,2154
2015-10-15,39.99,39.99,39.99,39.99,25667
2015-10-16,40,40,39.99,39.99,5320
2015-10-19,39.99,39.99,39.99,39.99,53271
2015-10-20,39.99,39.99,39.99,39.99,51592
2015-10-21,39.99,39.99,39.99,39.99,1657
2015-10-22,39.99,39.99,39.99,39.99,44650
2015-10-23,39.99,39.99,39.99,39.99,460
2015-10-26,39.99,39.99,39.99,39.99,47987
2015-10-27,39.99,39.99,39.99,39.99,22750
2015-10-28,39.99,39.99,39.99,39.99,11850
2015-10-29,38.83,38.83,38.81,38.81,289084
2015-10-30,38.81,38.81,38.81,38.81,20300
2015-11-02,38.81,38.81,38.81,38.81,38148
2015-11-03,38.81,38.81,38.81,38.81,3000
2015-11-04,38.81,38.81,38.81,38.81,30976
2015-11-05,37.56,39.5,37.56,39.5,549832
2015-11-06,39.5,39.5,39.5,39.5,350
2015-11-09,39.5,39.5,39.5,39.5,0
2015-11-10,39.5,39.5,39.5,39.5,1180
2015-11-11,39.5,39.5,39.5,39.5,1775
2015-11-12,39.5,39.5,39.5,39.5,25232
2015-11-13,39.5,39.5,39.5,39.5,2920
2015-11-16,39.5,39.5,39.5,39.5,11943
2015-11-17,39.5,39.5,39.5,39.5,100
2015-11-18,39.5,39.5,39.5,39.5,6500
2015-11-19,39.5,39.5,39.5,39.5,10050
2015-11-20,39.5,39.5,39.5,39.5,750
2015-11-23,39.5,39.5,39.5,39.5,2500
2015-11-24,37.53,39.5,37.53,39.5,75069
2015-11-25,37.53,37.53,37.53,37.53,932554
2015-11-26,35.66,37.44,37.44,37.44,86558
2015-11-27,37.44,37.44,37.44,37.44,4150
2015-11-30,36.01,37.44,36.01,37.44,90270
2015-12-01,36.05,37.44,36.05,37.44,20364
2015-12-02,36.01,37.44,36.01,37.44,5740
2015-12-03,35.6,37.44,35.6,37.44,20315
2015-12-04,35.59,37.36,37.36,37.36,77664
2015-12-07,36.61,37.36,36.61,37.36,36993
2015-12-08,36.01,37.81,37.81,37.81,451461
2015-12-09,37.81,37.81,37.81,37.81,8554
2015-12-10,39,39,37.81,37.81,560648
2015-12-11,37.81,37.81,37.81,37.81,42867
2015-12-14,37.81,37.81,37.81,37.81,6105
2015-12-15,39.7,39.7,39.7,39.7,242217
2015-12-16,39.7,39.7,39.7,39.7,10465
2015-12-17,39.7,39.7,39.7,39.7,23053
2015-12-18,41.68,41.68,41.68,41.68,93948
2015-12-21,41.68,41.68,41.68,41.68,24014
2015-12-22,43.5,43.5,41.68,41.68,37031
2015-12-23,43.53,43.53,41.68,41.68,172535
2015-12-29,43,43,43,43,242870
2015-12-30,43,43,43,43,107600
2015-12-31,42,42,42,42,58595
2016-01-04,42,42,42,42,49863
2016-01-05,42,42,42,42,37411
2016-01-06,42,42,42,42,38722
2016-01-07,42,42,42,42,11340
2016-01-08,42,42,42,42,32166
2016-01-11,42,42,42,42,27602
2016-01-12,42,42,42,42,2610
2016-01-13,42,42,42,42,181097
2016-01-14,42,42,42,42,87192
2016-01-15,42,42,42,42,4222497
2016-01-18,42,42,42,42,87618
2016-01-19,42,42,42,42,175594
2016-01-20,42,42,42,42,60490
2016-01-21,42,42,42,42,77875
2016-01-22,42,42,42,42,135795
2016-01-25,42,42,42,42,51225
2016-01-26,43.1,43.1,43.1,43.1,118429
2016-01-27,43.1,43.1,43.1,43.1,44882
2016-01-28,43.1,43.1,43.1,43.1,2922
2016-01-29,43.5,43.5,43.5,43.5,3306560
2016-02-01,43.5,43.5,43.5,43.5,118
2016-02-02,43.5,43.5,43.5,43.5,6750
2016-02-03,43.5,43.5,43.5,43.5,15049
2016-02-04,42.51,42.51,41.5,41.5,472393
2016-02-05,41.5,41.5,41.5,41.5,7329
2016-02-08,41.5,41.5,41.5,41.5,9000
2016-02-09,41.5,41.5,41.5,41.5,13330
2016-02-10,41.5,41.5,41.5,41.5,85278
2016-02-11,41.5,41.5,41.5,41.5,1202
2016-02-12,41.5,41.5,41.5,41.5,8290
2016-02-15,41.5,41.5,41.5,41.5,44975
2016-02-16,43.57,43.57,41.5,41.5,219146
2016-02-17,41.5,41.5,41.5,41.5,106487
2016-02-18,41.5,41.5,41.5,41.5,1000
2016-02-19,41.5,41.5,41.5,41.5,34373
2016-02-22,42.73,42.73,41.5,41.5,31970
2016-02-23,41.5,41.5,41.5,41.5,45372
2016-02-24,41.5,41.5,41.5,41.5,2607
2016-02-25,41.5,41.5,41.5,41.5,9500
2016-02-26,41.5,41.5,41.5,41.5,44444
2016-02-29,41.5,41.5,41.5,41.5,51750
2016-03-01,41.5,41.5,41.5,41.5,31711
2016-03-02,43,43,41.5,41.5,22620
2016-03-03,41.5,41.5,41.5,41.5,3207
2016-03-04,41.5,41.5,41.5,41.5,5000
2016-03-07,41.5,41.5,41.5,41.5,5020
2016-03-08,41.5,41.5,41.5,41.5,3989
2016-03-09,41.5,41.5,41.5,41.5,63337
2016-03-10,43.57,43.57,41.5,41.5,6480
2016-03-11,41.5,41.5,41.5,41.5,0
2016-03-14,41.5,41.5,41.5,41.5,2997
2016-03-15,43.57,43.57,41.5,41.5,92917
2016-03-16,41.5,41.5,41.5,41.5,105491
2016-03-17,41.5,41.5,41.5,41.5,63100
2016-03-18,41.5,41.5,41.5,41.5,8000
2016-03-21,41.5,41.5,41.5,41.5,2616
2016-03-22,41.5,41.5,41.5,41.5,84190
2016-03-23,41.5,41.5,41.5,41.5,64465
2016-03-24,41.5,41.5,41.5,41.5,75403
2016-03-29,41.5,41.5,41.5,41.5,386413
2016-03-30,39.43,41.5,39.43,41.5,99016
2016-03-31,43.57,44.8,44.8,44.8,117850
2016-04-01,47.04,47.04,44.8,44.8,49474
2016-04-04,44.8,44.8,44.8,44.8,11800
2016-04-05,44.8,44.8,44.8,44.8,12100
2016-04-06,43,43,43,43,458093
2016-04-07,43,43,43,43,0
2016-04-08,43,43,43,43,5878
2016-04-11,43,43,43,43,19715
2016-04-12,43,43,43,43,2518
2016-04-13,43,43,43,43,1220
2016-04-14,43,43,43,43,57426
2016-04-15,43,43,43,43,2125
2016-04-18,43,43,43,43,1
2016-04-19,43,43,43,43,19910
2016-04-20,43,43,43,43,6415
2016-04-21,43,43,43,43,6350
2016-04-22,43,43,43,43,18184
2016-04-25,43,43,43,43,121119
2016-04-26,43,43,43,43,611
2016-04-27,43,43,43,43,167150
2016-04-28,43,43,43,43,57141
2016-04-29,43,43,43,43,64597
2016-05-03,43,43,43,43,2099
2016-05-04,43,43,43,43,41180
2016-05-05,43,43,43,43,27200
2016-05-06,43,43,43,43,45355
2016-05-09,43,43,43,43,2000
2016-05-10,43,43,43,43,47470
2016-05-11,43,43,43,43,13659
2016-05-12,43,43,43,43,500
2016-05-13,43,43,43,43,19016
2016-05-16,43.5,43.5,43.5,43.5,1902946
2016-05-17,43.71,43.71,43.71,43.71,367652
2016-05-18,43.71,43.71,43.71,43.71,1054263
2016-05-19,45.89,45,45,45,89390
2016-05-20,45,45,45,45,34150
2016-05-23,45,45,45,45,2909
2016-05-24,45,45,45,45,21137
2016-05-25,45.05,45.05,45.05,45.05,213974
2016-05-26,45,45,45,45,215090
2016-05-27,45,45,45,45,97606
2016-05-31,43.5,43.5,43.5,43.5,11252
2016-06-01,43.5,43.5,43.5,43.5,16220
2016-06-02,43,43,42.9,42.9,488469
2016-06-03,43,43,43,43,183095
2016-06-06,42.1,42.1,42.1,42.1,243660
2016-06-07,42.1,42.1,42.1,42.1,55585
2016-06-08,42.1,42.1,42.1,42.1,50600
2016-06-09,42.1,42.1,42.1,42.1,44600
2016-06-10,42.1,42.1,42.1,42.1,33047
2016-06-13,42.1,42.1,42.1,42.1,129704
2016-06-14,42.1,42.1,42.1,42.1,16865
2016-06-15,42.1,42.1,42.1,42.1,34741
2016-06-16,42.1,42.1,42.1,42.1,31179
2016-06-17,42.1,42.1,42.1,42.1,44650
2016-06-20,42.1,42.1,42.1,42.1,152218
2016-06-21,42.1,42.1,42.1,42.1,24255
2016-06-22,42.1,42.1,42.1,42.1,16025
2016-06-23,42.1,42.1,42.1,42.1,46739
2016-06-24,42.15,44,42.15,44,300479
2016-06-27,46.2,46.2,46.2,46.2,292494
2016-06-28,48.51,48.51,48.51,48.51,122526
2016-06-29,50.93,50.93,50.93,50.93,72895
2016-06-30,53.47,53.47,50.93,50.93,32679
2016-07-01,50.93,50.93,50.93,50.93,82597
2016-07-04,50.93,50.93,50.93,50.93,49757
2016-07-08,50.93,50.93,50.93,50.93,70
2016-07-11,50.93,50.93,50.93,50.93,56313
2016-07-12,50.93,50.93,50.93,50.93,1620
2016-07-13,49.9,50.93,49.9,50.93,950
2016-07-14,50.93,50.93,50.93,50.93,1050
2016-07-15,50.93,50.93,50.93,50.93,31
2016-07-18,50.93,50.93,50.93,50.93,908
2016-07-19,50.93,50.93,50.93,50.93,2953
2016-07-20,50.93,50.93,50.93,50.93,0
2016-07-21,50.93,50.93,50.93,50.93,25550
2016-07-22,50.93,50.93,50.93,50.93,70
2016-07-25,50.93,50.93,50.93,50.93,370
2016-07-26,50.93,50.93,50.93,50.93,32000
2016-07-27,50.93,50.93,50.93,50.93,0
2016-07-28,50.93,50.93,50.93,50.93,1730
2016-07-29,48.39,48.39,48.39,48.39,50000
2016-08-01,48.39,48.39,48.39,48.39,1455
2016-08-02,48.39,48.39,48.39,48.39,5315
2016-08-03,48.39,48.39,48.39,48.39,246
2016-08-04,48.39,48.39,48.39,48.39,2283
2016-08-05,48.39,48.39,48.39,48.39,620
2016-08-08,48.39,48.39,48.39,48.39,0
2016-08-09,48.39,48.39,48.39,48.39,1886
2016-08-10,48.39,48.39,48.39,48.39,0
2016-08-12,48.39,48.39,48.39,48.39,6500
2016-08-15,48.39,48.39,48.39,48.39,1317
2016-08-16,48.39,48.39,48.39,48.39,120
2016-08-17,48.39,48.39,48.39,48.39,40
2016-08-18,48.39,48.39,48.39,48.39,75
2016-08-19,48.39,48.39,48.39,48.39,36065
2016-08-22,48.39,48.39,48.39,48.39,100
2016-08-23,48.39,48.39,48.39,48.39,1000
2016-08-24,48.39,48.39,48.39,48.39,1978
2016-08-25,48.39,48.39,48.39,48.39,20607
2016-08-26,48.39,48.39,48.39,48.39,900
2016-08-29,48.39,48.39,48.39,48.39,200000
2016-08-30,48.39,48.39,48.39,48.39,700
2016-08-31,48.39,43.69,48.39,43.69,300050
2016-09-01,43.69,43.69,43.69,43.69,14700
2016-09-02,43.69,43.69,43.69,43.69,27050
2016-09-05,43.69,43.69,43.69,43.69,25855
2016-09-06,43.69,43.69,43.69,43.69,1378
2016-09-07,43.69,43.69,43.69,43.69,3156
2016-09-08,43.69,43.69,39.44,39.44,346728
2016-09-09,39.44,39.44,39.44,39.44,57788
2016-09-14,39.44,39.44,39.44,39.44,16825
2016-09-15,39.44,39.44,39.44,39.44,10383
2016-09-16,39.44,39.44,39.44,39.44,15974
2016-09-19,39.44,39.44,39.44,39.44,13550
2016-09-20,39.44,39.44,39.44,39.44,19866
2016-09-21,39.44,39.44,39,39,342788
2016-09-22,39,39,39,39,46000
2016-09-23,39,39,39,39,1045747
2016-09-26,39,39,39,39,12022
2016-09-27,39,39,39,39,279979
2016-09-28,39,39,39,39,16945
2016-09-29,39,40,39,40,180643
2016-09-30,40,40,40,40,100470
2016-10-04,40,40,40,40,4729
2016-10-05,40,40,40,40,676
2016-10-06,40,40,40,40,615
2016-10-07,40,40,40,40,1600
2016-10-10,40,40,40,40,26044
2016-10-11,40,40,40,40,87212
2016-10-12,40,40,40,40,13525
2016-10-13,40,40,40,40,5723
2016-10-14,40,40,40,40,30130
2016-10-17,40,40,40,40,8946
2016-10-18,40,40,40,40,535
2016-10-19,40,40,40,40,3950
2016-10-20,40,40,40,40,1157
2016-10-21,40,40,40,40,11845
2016-10-24,40,40,40,40,1170
2016-10-25,40,40,40,40,5003
2016-10-26,40,40,38,38,494981
2016-10-27,38,38,38,38,1001
2016-10-28,38,38,38,38,10420
2016-10-31,38,38,38,38,18992
2016-11-01,38,38,38,38,4127
2016-11-02,38,38,38,38,3091
2016-11-03,38,38,38,38,1818
2016-11-04,38,38,38,38,10000
2016-11-07,38,38,38,38,3823
2016-11-08,38,38,38,38,21026
2016-11-09,38,38,38,38,0
2016-11-10,38,38,38,38,6000
2016-11-11,38,38,38,38,2
2016-11-14,38,38,38,38,200
2016-11-15,38,38,38,38,250
2016-11-16,38,38,38,38,0
2016-11-17,38,38,38,38,50000
2016-11-18,38,38,38,38,4000
2016-11-21,38,38,38,38,260
2016-11-22,38,38,38,38,261
2016-11-23,38,38,36.1,36.1,192602
2016-11-24,36.1,36.1,36.1,36.1,13372
2016-11-25,36.1,36.1,35,35,172998
2016-11-28,35,35,35,35,3900
2016-11-29,35,35,35,35,31135
2016-11-30,35,35,35,35,5455
2016-12-01,35,35,35,35,14728
2016-12-02,35,35,35,35,9177
2016-12-05,35,35,35,35,5853
2016-12-06,35,35,35,35,17727
2016-12-07,35,35,35,35,16327
2016-12-08,35,35,35,35,5081
2016-12-09,35,35,35,35,24760
2016-12-13,35,35,35,35,14327
2016-12-14,35,35,35,35,5671
2016-12-15,35,35,35,35,2030
2016-12-16,35,35,35,35,14933
2016-12-19,35,36.75,35,36.75,106602
2016-12-20,36.75,38.58,36.75,38.58,510107
2016-12-21,38.58,38.58,38.58,38.58,16806
2016-12-22,38.58,38.58,38.58,38.58,484
2016-12-23,38.58,38.58,38.58,38.58,5746
2016-12-28,38.58,38.58,38.58,38.58,23142
2016-12-29,38.58,38.58,38.58,38.58,10100
2016-12-30,38.58,38.58,38.58,38.58,3000
2017-01-03,38.58,38.58,38.58,38.58,8441
2017-01-04,38.58,38.58,38.58,38.58,700
2017-01-05,38.58,38.58,38.58,38.58,53130
2017-01-06,38.58,38.58,38.58,38.58,5200
2017-01-09,38.58,38.58,38.58,38.58,16791
2017-01-10,38.58,38.58,38.58,38.58,51400
2017-01-11,38.58,38.58,36.66,36.66,283934
2017-01-12,36.66,36.66,36.66,36.66,17702
2017-01-13,36.66,36.66,34.83,34.83,887714
2017-01-16,34.83,34.83,34.83,34.83,62710
2017-01-17,34.83,34.83,34.83,34.83,3730
2017-01-18,34.83,34.83,34.83,34.83,47504
2017-01-19,34.83,34.83,34.83,34.83,39764
2017-01-20,34.83,34.83,34.83,34.83,69055
2017-01-23,34.83,34.83,34.83,34.83,195280
2017-01-24,34.83,34.83,34.83,34.83,7244
2017-01-25,34.83,34.83,34.83,34.83,43064
2017-01-26,34.83,34.83,34.83,34.83,45600
2017-01-27,34.83,34.83,34.83,34.83,6200
2017-01-30,34.83,34.83,34.83,34.83,11730
2017-01-31,34.83,34.83,34.83,34.83,20841
2017-02-01,34.83,34.83,34.83,34.83,3800
2017-02-02,34.83,34.83,34.83,34.83,31030
2017-02-03,34.83,34.83,34.83,34.83,12423
2017-02-06,34.83,34.83,34.83,34.83,45624
2017-02-07,34.83,34.83,34.83,34.83,50000
2017-02-08,34.83,34.83,34.83,34.83,8529
2017-02-09,34.83,34.83,34.83,34.83,1383
2017-02-10,34.83,34.83,34.83,34.83,25824
2017-02-13,34.83,34.83,34.83,34.83,0
2017-02-14,34.83,34.83,34.83,34.83,19072
2017-02-15,34.83,34.83,34.83,34.83,10272
2017-02-16,34.83,36.57,34.83,36.57,157272
2017-02-17,36.57,38.39,36.57,38.39,53514
2017-02-20,38.39,38.39,38.39,38.39,93925
2017-02-21,38.39,38.39,38.39,38.39,32010
2017-02-22,38.39,38.39,38.39,38.39,56072
2017-02-23,38.39,38.71,38.39,38.66,766664
2017-02-24,38.66,38.66,38.66,38.66,314879
2017-02-27,38.66,38.66,38.66,38.66,145000
2017-02-28,38.66,38.66,38.66,38.66,285000
2017-03-01,38.66,38.66,38.66,38.66,74923
2017-03-02,38.66,38.66,38.66,38.66,649130
2017-03-03,38.66,38.66,38.66,38.66,167270
2017-03-06,38.66,38.66,38.66,38.66,4249
2017-03-07,38.66,38.66,38.66,38.66,6370
2017-03-08,38.66,40.2,38.66,38.66,6095404
2017-03-09,38.66,38.66,38.66,38.66,14667
2017-03-10,38.66,40.25,38.66,40.25,299884
2017-03-13,40.25,40.25,40.25,40.25,25300
2017-03-14,40.25,40.25,39.95,39.95,124089
2017-03-15,39.95,39.95,39.95,39.95,6467
2017-03-16,39.95,39.95,39.95,39.95,9463
2017-03-17,39.95,39.95,39.95,39.95,45379
2017-03-20,39.95,39.95,37.96,38,2700025
2017-03-21,38,40,38,40,2363732
2017-03-22,40,41.95,40,41.95,170188
2017-03-23,41.95,41.95,41.95,41.95,3261
2017-03-24,41.95,41.95,41.95,41.95,2835
2017-03-27,41.95,41.95,41.95,41.95,634
2017-03-28,41.95,41.95,41.95,41.95,70
2017-03-29,41.95,41.95,41.95,41.95,0
2017-03-30,41.95,41.95,41.95,41.95,200
2017-03-31,41.95,41.95,41.95,41.95,19693
2017-04-03,41.95,41.95,41.95,41.95,187
2017-04-04,41.95,41.95,41.95,41.95,0
2017-04-05,41.95,41.95,41.95,41.95,232
2017-04-06,41.95,41.95,41.95,41.95,2050
2017-04-07,41.95,41.95,41.95,41.95,78
2017-04-10,41.95,41.95,41.95,41.95,26
2017-04-11,41.95,41.95,41.95,41.95,0
2017-04-12,41.95,41.95,41.95,41.95,386
2017-04-13,41.95,41.95,41.95,41.95,2450
2017-04-18,41.95,41.95,41.95,41.95,283
2017-04-19,41.95,41.95,41.95,41.95,300
2017-04-20,41.95,41.95,41.95,41.95,12100
2017-04-21,41.95,41.95,41.95,41.95,2000
2017-04-24,41.95,41.95,41.95,41.95,8
2017-04-25,41.95,41.95,41.95,41.95,0
2017-04-26,41.95,41.95,41.95,41.95,51320
2017-04-27,41.95,41.95,41.95,41.95,2202
2017-04-28,41.95,41.95,39.86,39.86,57695
2017-05-02,39.86,39.86,39.86,39.86,150
2017-05-03,39.86,39.86,39.86,39.86,105
2017-05-04,39.86,39.86,39.86,39.86,400
2017-05-05,39.86,39.86,39.86,39.86,388
2017-05-08,39.86,39.86,39.86,39.86,50
2017-05-09,39.86,39.86,39.86,39.86,1000
2017-05-10,39.86,39.86,39.86,39.86,5000
2017-05-11,39.86,39.86,39.86,39.86,8510
2017-05-12,39.86,39.86,39.86,39.86,13038
2017-05-15,39.86,39.86,39.86,39.86,11180
2017-05-16,39.86,39.86,39.86,39.86,1000
2017-05-17,39.86,39.86,39.86,39.86,150
2017-05-18,39.86,39.86,39.86,39.86,1074
2017-05-19,39.86,39.86,39.86,39.86,1923
2017-05-22,39.86,39.86,39.86,39.86,0
2017-05-23,39.86,39.86,39.86,39.86,4172
2017-05-24,39.86,39.86,39.86,39.86,55
2017-05-25,39.86,39.86,39.86,39.86,14691
2017-05-26,39.86,39.86,39.86,39.86,75
2017-05-30,39.86,39.86,39.86,39.86,16135
2017-05-31,39.86,39.86,39.86,39.86,500
2017-06-01,39.86,39.86,39.86,39.86,87288
2017-06-02,39.86,39.86,39.86,39.86,42811
2017-06-05,39.86,39.86,37.87,39.86,422158
2017-06-06,39.86,39.86,39.86,39.86,121014
2017-06-07,39.86,39.86,39.86,39.86,61888
2017-06-08,39.86,39.86,38,38,158977
2017-06-09,38,39.8,38,39.8,372336
2017-06-12,39.8,39.8,39.8,39.8,124664
2017-06-13,39.8,39.8,39.8,39.8,62459
2017-06-14,39.8,39.8,39.8,39.8,18966
2017-06-15,39.8,39.8,39.8,39.8,109747
2017-06-16,39.8,39.8,39.55,39.55,126380
2017-06-19,39.55,39.8,39.55,39.8,312646
2017-06-20,39.8,43.87,39.8,43.84,2940225
2017-06-21,43.84,44.31,43.7,43.7,1524380
2017-06-22,43.7,43.7,41.52,41.52,160772
2017-06-23,41.52,41.52,41.52,41.52,21035
2017-06-28,41.52,41.52,39.45,39.45,209352
2017-06-29,39.45,39.45,39.45,39.45,185788
2017-06-30,39.45,39.45,37.48,37.48,202919
2017-07-03,37.48,37.48,35.61,35.61,370646
2017-07-04,35.61,35.61,33.83,33.83,749337
2017-07-05,33.83,33.83,32.14,32.14,459651
2017-07-06,32.14,32.14,32.14,32.14,55127
2017-07-07,32.14,32.14,32.14,32.14,41611
2017-07-10,32.14,32.14,32.14,32.14,156273
2017-07-11,32.14,32.14,32.14,32.14,387603
2017-07-12,32.14,32.67,32.14,32.67,185363
2017-07-13,32.67,32.67,32.67,32.67,326040
2017-07-14,32.67,32.67,32.67,32.67,44106
2017-07-17,32.67,32.67,32.67,32.67,150752
